time,pressure1,pressure2,pressure3,temparature1,temparature2,flow meter,servo
16768.0,-17.24,-17.24,-17.24,25.0,25.0,-208.25,0.0
16793.0,-17.24,-17.14,-17.24,25.0,25.0,-208.25,0.0
16818.0,-17.24,-17.24,-17.24,25.0,25.0,-208.25,0.0
16843.0,-17.24,-17.24,-17.24,24.5,24.75,-208.25,0.0
16868.0,-17.24,-17.24,-17.24,24.5,24.75,-208.25,0.0
16893.0,-17.24,-17.24,-17.24,24.5,24.75,-208.25,0.0
16918.0,-17.24,-17.24,-17.24,24.5,24.75,-208.25,0.0
16943.0,-17.24,-17.24,-17.24,24.5,24.75,-208.25,0.0
16968.0,-17.24,-17.24,-17.24,24.5,24.75,-208.25,0.0
16993.0,-17.24,-17.24,-17.24,24.5,24.75,-208.25,0.0
17018.0,-17.24,-17.24,-17.24,24.5,24.75,-208.25,0.0
17043.0,-17.24,-17.24,-17.24,24.5,24.75,-208.25,0.0
17068.0,-17.24,-17.24,-17.24,24.5,24.75,-208.25,0.0
17093.0,-17.24,-17.24,-17.24,24.25,25.0,-208.25,0.0
17118.0,-17.24,-17.24,-17.24,24.25,25.0,-208.25,0.0
17143.0,-17.24,-17.24,-17.24,24.25,25.0,-208.25,0.0
17168.0,-17.24,-17.24,-17.24,24.25,25.0,-208.25,0.0
17193.0,-17.24,-17.24,-17.24,24.25,25.0,-208.25,0.0
17218.0,-17.24,-17.24,-17.24,24.25,25.0,-208.25,0.0
17243.0,-17.24,-17.24,-17.24,24.25,25.0,-208.25,0.0
17268.0,-17.24,-17.24,-17.24,24.25,25.0,-208.25,0.0
17293.0,-17.24,-17.24,-17.24,24.25,25.0,-208.25,0.0
17318.0,-17.24,-17.24,-17.24,24.25,25.0,-208.25,0.0
17343.0,-17.24,-17.24,-17.24,24.75,24.75,-208.25,0.0
17368.0,-17.24,-17.24,-17.24,24.75,24.75,-208.25,0.0
17393.0,-17.24,-17.24,-17.24,24.75,24.75,-208.25,0.0
17418.0,-17.24,-17.24,-17.24,24.75,24.75,-208.25,0.0
17443.0,-17.24,-17.24,-17.24,24.75,24.75,-208.25,0.0
17468.0,-17.24,-17.24,-17.24,24.75,24.75,-208.25,0.0
17493.0,-17.24,-17.24,-17.24,24.75,24.75,-208.25,0.0
17518.0,-17.24,-17.24,-17.24,24.75,24.75,-208.25,0.0
17543.0,-17.24,-17.24,-17.24,24.75,24.75,-208.25,0.0
17568.0,-17.24,-17.14,-17.24,24.75,24.75,-208.25,0.0
17593.0,-17.24,-17.24,-17.24,24.5,24.5,-208.25,0.0
17618.0,-17.24,-17.24,-17.24,24.5,24.5,-208.25,0.0
17643.0,-17.24,-17.24,-17.24,24.5,24.5,-208.25,0.0
17668.0,-17.24,-17.24,-17.24,24.5,24.5,-208.25,0.0
17693.0,-17.24,-17.24,-17.24,24.5,24.5,-208.25,0.0
17718.0,-17.24,-17.24,-17.14,24.5,24.5,-208.25,0.0
17743.0,-17.24,-17.24,-17.24,24.5,24.5,-208.25,0.0
17768.0,-17.24,-17.24,-17.24,24.5,24.5,-208.25,0.0
17793.0,-17.24,-17.24,-17.24,24.5,24.5,-208.25,0.0
17818.0,-17.24,-17.24,-17.24,24.5,24.5,-208.25,0.0
17843.0,-17.24,-17.24,-17.24,24.5,25.0,-208.25,0.0
17868.0,-17.24,-17.24,-17.24,24.5,25.0,-208.25,0.0
17893.0,-17.24,-17.24,-17.24,24.5,25.0,-208.25,0.0
17918.0,-17.24,-17.24,-17.24,24.5,25.0,-208.25,0.0
17943.0,-17.24,-17.24,-17.24,24.5,25.0,-208.25,0.0
17968.0,-17.24,-17.24,-17.24,24.5,25.0,-208.25,0.0
17993.0,-17.24,-17.24,-17.24,24.5,25.0,-208.25,0.0
18018.0,-17.24,-17.24,-17.24,24.5,25.0,-208.25,0.0
18043.0,-17.24,-17.24,-17.24,24.5,25.0,-208.25,0.0
18068.0,-17.24,-17.24,-17.24,24.5,25.0,-208.25,0.0
18093.0,-17.24,-17.24,-17.24,24.5,25.0,-208.25,0.0
18118.0,-17.24,-17.24,-17.14,24.5,25.0,-208.25,0.0
18143.0,-17.24,-17.24,-17.24,24.5,25.0,-208.25,0.0
18168.0,-17.24,-17.24,-17.24,24.5,25.0,-208.25,0.0
18193.0,-17.24,-17.24,-17.24,24.5,25.0,-208.25,0.0
18218.0,-17.24,-17.24,-17.24,24.5,25.0,-208.25,0.0
18243.0,-17.24,-17.24,-17.24,24.5,25.0,-208.25,0.0
18268.0,-17.24,-17.24,-17.24,24.5,25.0,-208.25,0.0
18293.0,-17.24,-17.24,-17.24,24.5,25.0,-208.25,0.0
18318.0,-17.24,-17.24,-17.24,24.5,25.0,-208.25,0.0
18343.0,-17.24,-17.24,-17.24,24.5,25.0,-208.25,0.0
18368.0,-17.24,-17.24,-17.24,24.5,25.0,-208.25,0.0
18393.0,-17.24,-17.24,-17.24,24.5,25.0,-208.25,0.0
18418.0,-17.24,-17.24,-17.24,24.5,25.0,-208.25,0.0
18443.0,-17.24,-17.24,-17.24,24.5,25.0,-208.25,0.0
18468.0,-17.24,-17.24,-17.24,24.5,25.0,-208.25,0.0
18493.0,-17.24,-17.24,-17.24,24.5,25.0,-208.25,0.0
18518.0,-17.24,-17.24,-17.24,24.5,25.0,-208.25,0.0
18543.0,-17.24,-17.24,-17.24,24.5,25.0,-208.25,0.0
18568.0,-17.24,-17.24,-17.24,24.5,25.0,-208.25,0.0
18593.0,-17.24,-17.14,-17.24,24.75,24.25,-208.25,0.0
18618.0,-17.24,-17.24,-17.24,24.75,24.25,-208.25,0.0
18643.0,-17.24,-17.24,-17.24,24.75,24.25,-208.25,0.0
18668.0,-17.24,-17.24,-17.24,24.75,24.25,-208.25,0.0
18693.0,-17.24,-17.24,-17.24,24.75,24.25,-208.25,0.0
18718.0,-17.24,-17.24,-17.24,24.75,24.25,-208.25,0.0
18743.0,-17.24,-17.24,-17.24,24.75,24.25,-208.25,0.0
18768.0,-17.24,-17.24,-17.24,24.75,24.25,-208.25,0.0
18793.0,-17.24,-17.24,-17.24,24.75,24.25,-208.25,0.0
18818.0,-17.24,-17.24,-17.24,24.75,24.25,-208.25,0.0
18843.0,-17.24,-17.24,-17.24,24.75,25.0,-208.25,0.0
18868.0,-17.24,-17.24,-17.24,24.75,25.0,-208.25,0.0
18893.0,-17.24,-17.24,-17.24,24.75,25.0,-208.25,0.0
18918.0,-17.24,-17.24,-17.24,24.75,25.0,-208.25,0.0
18943.0,-17.24,-17.24,-17.24,24.75,25.0,-208.25,0.0
18968.0,-17.24,-17.24,-17.24,24.75,25.0,-208.25,0.0
18993.0,-17.24,-17.24,-17.24,24.75,25.0,-208.25,0.0
19018.0,-17.24,-17.24,-17.24,24.75,25.0,-208.25,0.0
19043.0,-17.24,-17.24,-17.24,24.75,25.0,-208.25,0.0
19068.0,-17.24,-17.24,-17.24,24.75,25.0,-208.25,0.0
19093.0,-17.24,-17.24,-17.24,24.0,25.0,-208.25,0.0
19118.0,-17.24,-17.24,-17.24,24.0,25.0,-208.25,0.0
19143.0,-17.24,-17.24,-17.24,24.0,25.0,-208.25,0.0
19168.0,-17.24,-17.14,-17.24,24.0,25.0,-208.25,0.0
19193.0,-17.24,-17.24,-17.24,24.0,25.0,-208.25,0.0
19218.0,-17.24,-17.24,-17.24,24.0,25.0,-208.25,0.0
19243.0,-17.24,-17.24,-17.24,24.0,25.0,-208.25,0.0
19268.0,-17.24,-17.24,-17.24,24.0,25.0,-208.25,0.0
19293.0,-17.24,-17.24,-17.24,24.0,25.0,-207.13,0.0
19318.0,-17.24,-17.24,-17.24,24.0,25.0,-208.25,0.0
19343.0,-17.24,-17.24,-17.24,24.75,25.0,-208.25,0.0
19368.0,-17.24,-17.24,-17.24,24.75,25.0,-208.25,0.0
19393.0,-17.24,-17.24,-17.24,24.75,25.0,-208.25,0.0
19418.0,-17.24,-17.24,-17.24,24.75,25.0,-208.25,0.0
19443.0,-17.24,-17.24,-17.24,24.75,25.0,-208.25,0.0
19468.0,-17.24,-17.24,-17.24,24.75,25.0,-208.25,0.0
19493.0,-17.24,-17.24,-17.24,24.75,25.0,-208.25,0.0
19518.0,-17.24,-17.14,-17.24,24.75,25.0,-208.25,0.0
19543.0,-17.24,-17.24,-17.24,24.75,25.0,-208.25,0.0
19568.0,-17.24,-17.24,-17.24,24.75,25.0,-208.25,0.0
19593.0,-17.24,-17.24,-17.24,24.25,25.0,-208.25,0.0
19618.0,-17.24,-17.24,-17.24,24.25,25.0,-208.25,0.0
19643.0,-17.24,-17.24,-17.24,24.25,25.0,-208.25,0.0
19668.0,-17.24,-17.24,-17.24,24.25,25.0,-208.25,0.0
19693.0,-17.24,-17.24,-17.24,24.25,25.0,-208.25,0.0
19718.0,-17.24,-17.24,-17.24,24.25,25.0,-208.25,0.0
19743.0,-17.24,-17.24,-17.24,24.25,25.0,-208.25,0.0
19768.0,-17.24,-17.24,-17.24,24.25,25.0,-208.25,0.0
19793.0,-17.24,-17.24,-17.24,24.25,25.0,-208.25,90.0
19818.0,-17.24,-17.24,-17.24,24.25,25.0,-208.25,90.0
19843.0,-17.24,-17.24,-17.24,24.75,25.0,-208.25,90.0
19868.0,-17.24,-17.24,-17.24,24.75,25.0,-208.25,90.0
19893.0,-17.24,-17.24,-17.24,24.75,25.0,-208.25,90.0
19918.0,-17.24,-17.24,-17.24,24.75,25.0,-208.25,90.0
19943.0,-17.24,-17.24,-17.24,24.75,25.0,-208.25,90.0
19968.0,-17.24,-17.24,-17.24,24.75,25.0,-208.25,90.0
19993.0,-17.24,-17.24,-17.24,24.75,25.0,-208.25,90.0
20018.0,-17.24,-17.24,-17.24,24.75,25.0,-208.25,90.0
20043.0,-17.24,-17.24,-17.24,24.75,25.0,-208.25,90.0
20068.0,-17.24,-17.24,-17.24,24.75,25.0,-208.25,90.0
20093.0,-17.24,-17.24,-17.24,24.5,25.0,-208.25,90.0
20118.0,-17.24,-17.24,-17.24,24.5,25.0,-208.25,90.0
20143.0,-17.24,-17.24,-17.24,24.5,25.0,-208.25,90.0
20168.0,-17.24,-17.24,-17.24,24.5,25.0,-208.25,90.0
20193.0,-17.24,-17.24,-17.24,24.5,25.0,-208.25,90.0
20218.0,-17.24,-17.24,-17.24,24.5,25.0,-208.25,90.0
20243.0,-17.24,-17.24,-17.24,24.5,25.0,-208.25,90.0
20268.0,-17.24,-17.24,-17.24,24.5,25.0,-208.25,90.0
20293.0,-17.24,-17.24,-17.24,24.5,25.0,-208.25,90.0
20318.0,-17.24,-17.24,-17.24,24.5,25.0,-208.25,90.0
20343.0,-17.24,-17.24,-17.24,24.75,25.0,-208.25,90.0
20368.0,-17.24,-17.24,-17.24,24.75,25.0,-208.25,90.0
20393.0,-17.24,-17.24,-17.24,24.75,25.0,-208.25,90.0
20418.0,-17.24,-17.24,-17.24,24.75,25.0,-208.25,90.0
20443.0,-17.24,-17.24,-17.24,24.75,25.0,-208.25,90.0
20468.0,-17.24,-17.24,-17.24,24.75,25.0,-208.25,90.0
20493.0,-17.24,-17.24,-17.24,24.75,25.0,-208.25,90.0
20518.0,-17.24,-17.24,-17.24,24.75,25.0,-208.25,90.0
20543.0,-17.24,-17.24,-17.24,24.75,25.0,-208.25,90.0
20568.0,-17.24,-17.24,-17.24,24.75,25.0,-208.25,90.0
20593.0,-17.24,-17.24,-17.24,24.25,25.0,-208.25,90.0
20618.0,-17.24,-17.24,-17.24,24.25,25.0,-208.25,90.0
20643.0,-17.24,-17.24,-17.24,24.25,25.0,-208.25,90.0
20668.0,-17.24,-17.24,-17.24,24.25,25.0,-208.25,90.0
20693.0,-17.24,-17.24,-17.24,24.25,25.0,-208.25,90.0
20718.0,-17.24,-17.24,-17.24,24.25,25.0,-208.25,90.0
20743.0,-17.24,-17.24,-17.24,24.25,25.0,-208.25,90.0
20768.0,-17.24,-17.24,-17.24,24.25,25.0,-208.25,90.0
20793.0,-17.24,-17.24,-17.24,24.25,25.0,-208.25,90.0
20818.0,-17.24,-17.24,-17.24,24.25,25.0,-208.25,90.0
20843.0,-17.24,-17.24,-17.24,24.5,24.5,-208.25,90.0
20868.0,-17.24,-17.24,-17.24,24.5,24.5,-208.25,90.0
20893.0,-17.24,-17.24,-17.24,24.5,24.5,-208.25,90.0
20918.0,-17.24,-17.24,-17.24,24.5,24.5,-208.25,90.0
20943.0,-17.24,-17.24,-17.24,24.5,24.5,-208.25,90.0
20968.0,-17.24,-17.24,-17.24,24.5,24.5,-208.25,90.0
20993.0,-17.24,-17.24,-17.24,24.5,24.5,-208.25,90.0
21018.0,-17.24,-17.24,-17.24,24.5,24.5,-208.25,90.0
21043.0,-17.24,-17.24,-17.24,24.5,24.5,-208.25,90.0
21068.0,-17.24,-17.24,-17.24,24.5,24.5,-208.25,90.0
21093.0,-17.24,-17.24,-17.24,24.75,24.5,-208.25,90.0
21118.0,-17.24,-17.24,-17.24,24.75,24.5,-208.25,90.0
21143.0,-17.24,-17.24,-17.24,24.75,24.5,-208.25,90.0
21168.0,-17.24,-17.24,-17.24,24.75,24.5,-208.25,90.0
21193.0,-17.24,-17.24,-17.24,24.75,24.5,-208.25,90.0
21218.0,-17.24,-17.24,-17.24,24.75,24.5,-208.25,90.0
21243.0,-17.24,-17.24,-17.24,24.75,24.5,-208.25,90.0
21268.0,-17.24,-17.24,-17.24,24.75,24.5,-208.25,90.0
21293.0,-17.24,-17.24,-17.24,24.75,24.5,-208.25,90.0
21318.0,-17.24,-17.24,-17.24,24.75,24.5,-208.25,90.0
21343.0,-17.24,-17.24,-17.24,24.75,25.0,-208.25,90.0
21368.0,-17.24,-17.24,-17.24,24.75,25.0,-208.25,90.0
21393.0,-17.24,-17.24,-17.24,24.75,25.0,-208.25,90.0
21418.0,-17.24,-17.24,-17.24,24.75,25.0,-208.25,90.0
21443.0,-17.24,-17.24,-17.24,24.75,25.0,-208.25,90.0
21468.0,-17.24,-17.24,-17.24,24.75,25.0,-208.25,90.0
21493.0,-17.24,-17.24,-17.24,24.75,25.0,-208.25,90.0
21518.0,-17.24,-17.24,-17.24,24.75,25.0,-208.25,90.0
21543.0,-17.24,-17.24,-17.24,24.75,25.0,-208.25,90.0
21568.0,-17.24,-17.24,-17.24,24.75,25.0,-208.25,90.0
21593.0,-17.24,-17.24,-17.24,24.75,25.25,-208.25,90.0
21618.0,-17.24,-17.24,-17.24,24.75,25.25,-208.25,90.0
21643.0,-17.24,-17.24,-17.24,24.75,25.25,-208.25,90.0
21668.0,-17.24,-17.24,-17.24,24.75,25.25,-208.25,0.0
21693.0,-17.24,-17.24,-17.24,24.75,25.25,-208.25,0.0
21718.0,-17.24,-17.24,-17.24,24.75,25.25,-208.25,0.0
21743.0,-17.24,-17.24,-17.24,24.75,25.25,-208.25,0.0
21768.0,-17.24,-17.24,-17.24,24.75,25.25,-208.25,0.0
21793.0,-17.24,-17.24,-17.24,24.75,25.25,-208.25,0.0
21818.0,-17.24,-17.24,-17.24,24.75,25.25,-208.25,0.0
21843.0,-17.24,-17.24,-17.24,24.75,25.0,-208.25,0.0
21868.0,-17.24,-17.24,-17.24,24.75,25.0,-208.25,0.0
21893.0,-17.24,-17.24,-17.24,24.75,25.0,-208.25,0.0
21918.0,-17.24,-17.24,-17.24,24.75,25.0,-208.25,0.0
21943.0,-17.24,-17.24,-17.24,24.75,25.0,-208.25,0.0
21968.0,-17.24,-17.24,-17.24,24.75,25.0,-208.25,0.0
21993.0,-17.24,-17.24,-17.24,24.75,25.0,-208.25,0.0
22018.0,-17.24,-17.24,-17.24,24.75,25.0,-208.25,0.0
22043.0,-17.24,-17.24,-17.24,24.75,25.0,-208.25,0.0
22068.0,-17.24,-17.24,-17.24,24.75,25.0,-208.25,0.0
22093.0,-17.24,-17.24,-17.24,24.25,24.75,-208.25,0.0
22118.0,-17.24,-17.24,-17.24,24.25,24.75,-208.25,0.0
22143.0,-17.24,-17.24,-17.24,24.25,24.75,-208.25,0.0
22168.0,-17.24,-17.24,-17.24,24.25,24.75,-208.25,0.0
22193.0,-17.24,-17.24,-17.24,24.25,24.75,-208.25,0.0
22218.0,-17.24,-17.24,-17.24,24.25,24.75,-208.25,0.0
22243.0,-17.24,-17.24,-17.24,24.25,24.75,-208.25,0.0
22268.0,-17.24,-17.24,-17.24,24.25,24.75,-208.25,0.0
22293.0,-17.24,-17.24,-17.24,24.25,24.75,-208.25,0.0
22318.0,-17.24,-17.24,-17.24,24.25,24.75,-208.25,0.0
22343.0,-17.24,-17.24,-17.24,24.5,25.0,-208.25,0.0
22368.0,-17.24,-17.24,-17.24,24.5,25.0,-208.25,0.0
22393.0,-17.24,-17.24,-17.24,24.5,25.0,-208.25,0.0
22418.0,-17.24,-17.24,-17.24,24.5,25.0,-208.25,0.0
22443.0,-17.24,-17.24,-17.24,24.5,25.0,-208.25,0.0
22468.0,-17.24,-17.24,-17.24,24.5,25.0,-208.25,0.0
22493.0,-17.24,-17.24,-17.24,24.5,25.0,-208.25,0.0
22518.0,-17.24,-17.24,-17.24,24.5,25.0,-208.25,0.0
22543.0,-17.24,-17.24,-17.24,24.5,25.0,-208.25,0.0
22568.0,-17.24,-17.24,-17.24,24.5,25.0,-208.25,0.0
22593.0,-17.24,-17.24,-17.24,24.5,25.0,-208.25,0.0
22618.0,-17.24,-17.24,-17.24,24.5,25.0,-208.25,0.0
22643.0,-17.24,-17.24,-17.24,24.5,25.0,-208.25,0.0
22668.0,-17.24,-17.24,-17.24,24.5,25.0,-208.25,0.0
22693.0,-17.24,-17.24,-17.24,24.5,25.0,-208.25,0.0
22718.0,-17.24,-17.24,-17.24,24.5,25.0,-208.25,0.0
22743.0,-17.24,-17.24,-17.24,24.5,25.0,-208.25,0.0
22768.0,-17.24,-17.24,-17.24,24.5,25.0,-208.25,0.0
22793.0,-17.24,-17.24,-17.24,24.5,25.0,-208.25,0.0
22818.0,-17.24,-17.24,-17.24,24.5,25.0,-208.25,0.0
22843.0,-17.24,-17.24,-17.24,24.5,24.75,-208.25,0.0
22868.0,-17.24,-17.24,-17.24,24.5,24.75,-208.25,0.0
22893.0,-17.24,-17.24,-17.24,24.5,24.75,-208.25,0.0
22918.0,-17.24,-17.24,-17.24,24.5,24.75,-208.25,0.0
22943.0,-17.24,-17.24,-17.24,24.5,24.75,-208.25,0.0
22968.0,-17.24,-17.24,-17.24,24.5,24.75,-208.25,0.0
22993.0,-17.24,-17.24,-17.24,24.5,24.75,-208.25,0.0
23018.0,-17.24,-17.24,-17.24,24.5,24.75,-208.25,0.0
23043.0,-17.24,-17.24,-17.24,24.5,24.75,-208.25,0.0
23068.0,-17.24,-17.24,-17.24,24.5,24.75,-208.25,0.0
23093.0,-17.24,-17.24,-17.24,24.5,25.0,-208.25,0.0
23118.0,-17.24,-17.24,-17.24,24.5,25.0,-208.25,0.0
23143.0,-17.24,-17.24,-17.24,24.5,25.0,-208.25,0.0
23168.0,-17.24,-17.24,-17.24,24.5,25.0,-208.25,0.0
23193.0,-17.24,-17.24,-17.24,24.5,25.0,-208.25,0.0
23218.0,-17.24,-17.24,-17.24,24.5,25.0,-208.25,0.0
23243.0,-17.24,-17.24,-17.24,24.5,25.0,-208.25,0.0
23268.0,-17.24,-17.24,-17.24,24.5,25.0,-208.25,0.0
23293.0,-17.24,-17.24,-17.24,24.5,25.0,-208.25,0.0
23318.0,-17.24,-17.24,-17.24,24.5,25.0,-208.25,0.0
23343.0,-17.24,-17.24,-17.24,24.5,25.25,-208.25,0.0
23368.0,-17.24,-17.24,-17.24,24.5,25.25,-208.25,0.0
23393.0,-17.24,-17.24,-17.24,24.5,25.25,-208.25,0.0
23418.0,-17.24,-17.24,-17.24,24.5,25.25,-208.25,0.0
23443.0,-17.24,-17.24,-17.24,24.5,25.25,-208.25,0.0
23468.0,-17.24,-17.24,-17.24,24.5,25.25,-208.25,0.0
23493.0,-17.24,-17.24,-17.24,24.5,25.25,-208.25,0.0
23518.0,-17.24,-17.24,-17.24,24.5,25.25,-208.25,0.0
23543.0,-17.24,-17.24,-17.24,24.5,25.25,-208.25,0.0
23568.0,-17.24,-17.24,-17.24,24.5,25.25,-208.25,0.0
23593.0,-17.24,-17.24,-17.24,24.5,24.5,-208.25,0.0
23618.0,-17.24,-17.24,-17.24,24.5,24.5,-208.25,0.0
23643.0,-17.24,-17.24,-17.24,24.5,24.5,-208.25,0.0
23668.0,-17.24,-17.24,-17.24,24.5,24.5,-208.25,0.0
23693.0,-17.24,-17.24,-17.24,24.5,24.5,-208.25,0.0
23718.0,-17.24,-17.24,-17.24,24.5,24.5,-208.25,0.0
23743.0,-17.24,-17.24,-17.24,24.5,24.5,-208.25,0.0
23768.0,-17.24,-17.24,-17.24,24.5,24.5,-208.25,0.0
23793.0,-17.24,-17.24,-17.24,24.5,24.5,-208.25,0.0
23818.0,-17.24,-17.24,-17.24,24.5,24.5,-208.25,0.0
23843.0,-17.24,-17.24,-17.24,24.75,24.5,-208.25,0.0
23868.0,-17.24,-17.24,-17.24,24.75,24.5,-208.25,0.0
23893.0,-17.24,-17.24,-17.24,24.75,24.5,-208.25,0.0
23918.0,-17.24,-17.24,-17.24,24.75,24.5,-208.25,0.0
23943.0,-17.24,-17.24,-17.24,24.75,24.5,-208.25,0.0
23968.0,-17.24,-17.24,-17.24,24.75,24.5,-208.25,0.0
23993.0,-17.24,-17.24,-17.24,24.75,24.5,-208.25,0.0
24018.0,-17.24,-17.24,-17.24,24.75,24.5,-208.25,0.0
24043.0,-17.24,-17.24,-17.24,24.75,24.5,-208.25,0.0
24068.0,-17.24,-17.24,-17.24,24.75,24.5,-208.25,0.0
24093.0,-17.24,-17.24,-17.24,24.75,25.0,-208.25,0.0
24118.0,-17.24,-17.24,-17.24,24.75,25.0,-208.25,0.0
24143.0,-17.24,-17.24,-17.24,24.75,25.0,-208.25,0.0
24168.0,-17.24,-17.24,-17.24,24.75,25.0,-208.25,0.0
24193.0,-17.24,-17.24,-17.24,24.75,25.0,-208.25,0.0
24218.0,-17.24,-17.24,-17.24,24.75,25.0,-208.25,0.0
24243.0,-17.24,-17.24,-17.24,24.75,25.0,-208.25,0.0
24268.0,-17.24,-17.24,-17.24,24.75,25.0,-208.25,90.0
24293.0,-17.24,-17.24,-17.24,24.75,25.0,-208.25,90.0
24318.0,-17.24,-17.24,-17.24,24.75,25.0,-208.25,90.0
24343.0,-17.24,-17.24,-17.24,24.25,25.0,-208.25,90.0
24368.0,-17.24,-17.24,-17.24,24.25,25.0,-208.25,90.0
24393.0,-17.24,-17.24,-17.24,24.25,25.0,-208.25,90.0
24418.0,-17.24,-17.24,-17.24,24.25,25.0,-208.25,90.0
24443.0,-17.24,-17.24,-17.24,24.25,25.0,-208.25,90.0
24468.0,-17.24,-17.24,-17.24,24.25,25.0,-208.25,90.0
24493.0,-17.24,-17.24,-17.24,24.25,25.0,-208.25,90.0
24518.0,-17.24,-17.24,-17.24,24.25,25.0,-208.25,90.0
24543.0,-17.24,-17.24,-17.24,24.25,25.0,-208.25,90.0
24568.0,-17.24,-17.24,-17.24,24.25,25.0,-208.25,90.0
24593.0,-17.24,-17.24,-17.24,24.25,25.0,-208.25,90.0
24618.0,-17.24,-17.24,-17.24,24.25,25.0,-208.25,90.0
24643.0,-17.24,-17.24,-17.24,24.25,25.0,-208.25,90.0
24668.0,-17.24,-17.24,-17.24,24.25,25.0,-208.25,90.0
24693.0,-17.24,-17.24,-17.24,24.25,25.0,-208.25,90.0
24718.0,-17.24,-17.24,-17.24,24.25,25.0,-208.25,90.0
24743.0,-17.24,-17.24,-17.24,24.25,25.0,-208.25,90.0
24768.0,-17.24,-17.24,-17.24,24.25,25.0,-208.25,90.0
24793.0,-17.24,-17.24,-17.24,24.25,25.0,-208.25,90.0
24818.0,-17.24,-17.24,-17.24,24.25,25.0,-208.25,90.0
24843.0,-17.24,-17.24,-17.24,24.5,25.0,-208.25,90.0
24868.0,-17.24,-17.24,-17.24,24.5,25.0,-208.25,90.0
24893.0,-17.24,-17.24,-17.24,24.5,25.0,-208.25,90.0
24918.0,-17.24,-17.24,-17.24,24.5,25.0,-208.25,90.0
24943.0,-17.24,-17.24,-17.24,24.5,25.0,-208.25,90.0
24968.0,-17.24,-17.24,-17.24,24.5,25.0,-208.25,90.0
24993.0,-17.24,-17.24,-17.24,24.5,25.0,-208.25,90.0
25018.0,-17.24,-17.24,-17.24,24.5,25.0,-208.25,90.0
25043.0,-17.24,-17.24,-17.24,24.5,25.0,-208.25,90.0
25068.0,-17.24,-17.24,-17.24,24.5,25.0,-208.25,90.0
25093.0,-17.24,-17.24,-17.24,24.25,25.0,-208.25,90.0
25118.0,-17.24,-17.24,-17.24,24.25,25.0,-208.25,90.0
25143.0,-17.24,-17.24,-17.24,24.25,25.0,-208.25,90.0
25168.0,-17.24,-17.24,-17.24,24.25,25.0,-208.25,90.0
25193.0,-17.24,-17.24,-17.24,24.25,25.0,-208.25,90.0
25218.0,-17.24,-17.24,-17.24,24.25,25.0,-208.25,90.0
25243.0,-17.24,-17.24,-17.24,24.25,25.0,-208.25,90.0
25268.0,-17.24,-17.24,-17.24,24.25,25.0,-208.25,90.0
25293.0,-17.24,-17.24,-17.24,24.25,25.0,-208.25,90.0
25318.0,-17.24,-17.24,-17.24,24.25,25.0,-208.25,90.0
25343.0,-17.24,-17.24,-17.24,24.5,25.0,-208.25,90.0
25368.0,-17.24,-17.24,-17.24,24.5,25.0,-208.25,90.0
25393.0,-17.24,-17.24,-17.24,24.5,25.0,-208.25,90.0
25418.0,-17.24,-17.24,-17.24,24.5,25.0,-208.25,90.0
25443.0,-17.24,-17.24,-17.24,24.5,25.0,-208.25,90.0
25468.0,-17.24,-17.24,-17.24,24.5,25.0,-208.25,90.0
25493.0,-17.24,-17.24,-17.24,24.5,25.0,-208.25,90.0
25518.0,-17.24,-17.24,-17.24,24.5,25.0,-208.25,90.0
25543.0,-17.24,-17.24,-17.24,24.5,25.0,-208.25,90.0
25568.0,-17.24,-17.24,-17.24,24.5,25.0,-208.25,90.0
25593.0,-17.24,-17.24,-17.24,24.75,25.0,-208.25,90.0
25618.0,-17.24,-17.24,-17.24,24.75,25.0,-208.25,90.0
25643.0,-17.24,-17.24,-17.24,24.75,25.0,-208.25,90.0
25668.0,-17.24,-17.24,-17.24,24.75,25.0,-208.25,90.0
25693.0,-17.24,-17.24,-17.24,24.75,25.0,-208.25,90.0
25718.0,-17.24,-17.24,-17.24,24.75,25.0,-208.25,90.0
25743.0,-17.24,-17.24,-17.24,24.75,25.0,-208.25,90.0
25768.0,-17.24,-17.24,-17.24,24.75,25.0,-208.25,90.0
25793.0,-17.24,-17.24,-17.24,24.75,25.0,-208.25,90.0
25818.0,-17.24,-17.24,-17.24,24.75,25.0,-208.25,90.0
25843.0,-17.24,-17.24,-17.24,24.5,25.25,-208.25,90.0
25868.0,-17.24,-17.24,-17.24,24.5,25.25,-208.25,90.0
25893.0,-17.24,-17.24,-17.24,24.5,25.25,-208.25,90.0
25918.0,-17.24,-17.24,-17.24,24.5,25.25,-208.25,0.0
25943.0,-17.24,-17.24,-17.24,24.5,25.25,-208.25,0.0
25968.0,-17.24,-17.24,-17.24,24.5,25.25,-208.25,0.0
25993.0,-17.24,-17.24,-17.24,24.5,25.25,-208.25,0.0
26018.0,-17.24,-17.24,-17.24,24.5,25.25,-208.25,0.0
26043.0,-17.24,-17.24,-17.24,24.5,25.25,-208.25,0.0
26068.0,-17.24,-17.24,-17.24,24.5,25.25,-208.25,0.0
26093.0,-17.24,-17.24,-17.24,24.75,25.0,-208.25,0.0
26118.0,-17.24,-17.24,-17.24,24.75,25.0,-208.25,0.0
26143.0,-17.24,-17.24,-17.24,24.75,25.0,-208.25,0.0
26168.0,-17.24,-17.24,-17.24,24.75,25.0,-208.25,0.0
26193.0,-17.24,-17.24,-17.24,24.75,25.0,-208.25,0.0
26218.0,-17.24,-17.24,-17.24,24.75,25.0,-208.25,0.0
26243.0,-17.24,-17.24,-17.24,24.75,25.0,-208.25,0.0
26268.0,-17.24,-17.24,-17.24,24.75,25.0,-208.25,0.0
26293.0,-17.24,-17.24,-17.24,24.75,25.0,-208.25,0.0
26318.0,-17.24,-17.24,-17.24,24.75,25.0,-208.25,0.0
26343.0,-17.24,-17.24,-17.24,24.25,24.5,-208.25,0.0
26368.0,-17.24,-17.24,-17.24,24.25,24.5,-208.25,0.0
26393.0,-17.24,-17.24,-17.24,24.25,24.5,-208.25,0.0
26418.0,-17.24,-17.24,-17.24,24.25,24.5,-208.25,0.0
26443.0,-17.24,-17.24,-17.24,24.25,24.5,-208.25,0.0
26468.0,-17.24,-17.24,-17.24,24.25,24.5,-208.25,0.0
26493.0,-17.24,-17.24,-17.24,24.25,24.5,-208.25,0.0
26518.0,-17.24,-17.24,-17.24,24.25,24.5,-208.25,0.0
26543.0,-17.24,-17.24,-17.24,24.25,24.5,-208.25,0.0
26568.0,-17.24,-17.24,-17.24,24.25,24.5,-208.25,0.0
26593.0,-17.24,-17.24,-17.24,24.25,24.0,-208.25,0.0
26618.0,-17.24,-17.24,-17.24,24.25,24.0,-208.25,0.0
26643.0,-17.24,-17.24,-17.24,24.25,24.0,-208.25,0.0
26668.0,-17.24,-17.24,-17.24,24.25,24.0,-208.25,0.0
26693.0,-17.24,-17.24,-17.24,24.25,24.0,-208.25,0.0
26718.0,-17.24,-17.24,-17.24,24.25,24.0,-208.25,0.0
26743.0,-17.24,-17.24,-17.24,24.25,24.0,-208.25,0.0
26768.0,-17.24,-17.24,-17.24,24.25,24.0,-208.25,0.0
26793.0,-17.24,-17.24,-17.24,24.25,24.0,-208.25,0.0
26818.0,-17.24,-17.24,-17.24,24.25,24.0,-208.25,0.0
26843.0,-17.24,-17.24,-17.24,24.5,24.75,-208.25,0.0
26868.0,-17.24,-17.24,-17.24,24.5,24.75,-208.25,0.0
26893.0,-17.24,-17.24,-17.24,24.5,24.75,-208.25,0.0
26918.0,-17.24,-17.24,-17.24,24.5,24.75,-208.25,0.0
26943.0,-17.24,-17.24,-17.24,24.5,24.75,-208.25,0.0
26968.0,-17.24,-17.24,-17.24,24.5,24.75,-208.25,0.0
26993.0,-17.24,-17.24,-17.24,24.5,24.75,-208.25,0.0
27018.0,-17.24,-17.24,-17.24,24.5,24.75,-208.25,0.0
27043.0,-17.24,-17.24,-17.24,24.5,24.75,-208.25,0.0
27068.0,-17.24,-17.24,-17.24,24.5,24.75,-208.25,0.0
27093.0,-17.24,-17.24,-17.24,24.5,24.5,-208.25,0.0
27118.0,-17.24,-17.24,-17.24,24.5,24.5,-208.25,0.0
27143.0,-17.24,-17.24,-17.24,24.5,24.5,-208.25,0.0
27168.0,-17.24,-17.24,-17.24,24.5,24.5,-208.25,0.0
27193.0,-17.24,-17.24,-17.24,24.5,24.5,-208.25,0.0
27218.0,-17.24,-17.24,-17.24,24.5,24.5,-208.25,0.0
27243.0,-17.24,-17.24,-17.24,24.5,24.5,-208.25,0.0
27268.0,-17.24,-17.24,-17.24,24.5,24.5,-208.25,0.0
27293.0,-17.24,-17.24,-17.24,24.5,24.5,-208.25,0.0
27318.0,-17.24,-17.24,-17.24,24.5,24.5,-208.25,0.0
27343.0,-17.24,-17.24,-17.24,24.5,24.5,-208.25,0.0
27368.0,-17.24,-17.24,-17.24,24.5,24.5,-208.25,0.0
27393.0,-17.24,-17.24,-17.24,24.5,24.5,-208.25,0.0
27418.0,-17.24,-17.24,-17.24,24.5,24.5,-208.25,0.0
27443.0,-17.24,-17.24,-17.24,24.5,24.5,-208.25,0.0
27468.0,-17.24,-17.24,-17.24,24.5,24.5,-208.25,0.0
27493.0,-17.24,-17.24,-17.24,24.5,24.5,-208.25,0.0
27518.0,-17.24,-17.24,-17.24,24.5,24.5,-208.25,0.0
27543.0,-17.24,-17.24,-17.24,24.5,24.5,-208.25,0.0
27568.0,-17.24,-17.24,-17.24,24.5,24.5,-208.25,0.0
27593.0,-17.24,-17.24,-17.24,24.75,25.0,-208.25,0.0
27618.0,-17.24,-17.24,-17.24,24.75,25.0,-208.25,0.0
27643.0,-17.24,-17.24,-17.24,24.75,25.0,-208.25,0.0
27668.0,-17.24,-17.24,-17.24,24.75,25.0,-208.25,0.0
27693.0,-17.24,-17.24,-17.24,24.75,25.0,-208.25,0.0
27718.0,-17.24,-17.24,-17.24,24.75,25.0,-208.25,0.0
27743.0,-17.24,-17.24,-17.24,24.75,25.0,-208.25,0.0
27768.0,-17.24,-17.24,-17.24,24.75,25.0,-208.25,0.0
27793.0,-17.24,-17.24,-17.24,24.75,25.0,-208.25,0.0
27818.0,-17.24,-17.24,-17.24,24.75,25.0,-208.25,0.0
27843.0,-17.24,-17.24,-17.24,24.75,25.0,-208.25,0.0
27868.0,-17.24,-17.24,-17.24,24.75,25.0,-208.25,0.0
27893.0,-17.24,-17.24,-17.24,24.75,25.0,-208.25,0.0
27918.0,-17.24,-17.24,-17.24,24.75,25.0,-208.25,0.0
27943.0,-17.24,-17.24,-17.24,24.75,25.0,-208.25,0.0
27968.0,-17.24,-17.24,-17.24,24.75,25.0,-208.25,0.0
27993.0,-17.24,-17.24,-17.24,24.75,25.0,-208.25,0.0
28018.0,-17.24,-17.24,-17.24,24.75,25.0,-208.25,0.0
28043.0,-17.24,-17.24,-17.24,24.75,25.0,-208.25,0.0
28068.0,-17.24,-17.24,-17.24,24.75,25.0,-208.25,0.0
28093.0,-17.24,-17.24,-17.24,24.5,25.0,-208.25,0.0
28118.0,-17.24,-17.24,-17.24,24.5,25.0,-208.25,0.0
28143.0,-17.24,-17.24,-17.24,24.5,25.0,-208.25,0.0
28168.0,-17.24,-17.24,-17.24,24.5,25.0,-208.25,0.0
28193.0,-17.24,-17.24,-17.24,24.5,25.0,-208.25,0.0
28218.0,-17.24,-17.24,-17.24,24.5,25.0,-208.25,0.0
28243.0,-17.24,-17.24,-17.24,24.5,25.0,-208.25,0.0
28268.0,-17.24,-17.24,-17.24,24.5,25.0,-208.25,0.0
28293.0,-17.24,-17.24,-17.24,24.5,25.0,-208.25,0.0
28318.0,-17.24,-17.24,-17.24,24.5,25.0,-208.25,0.0
28343.0,-17.24,-17.24,-17.24,24.5,24.75,-208.25,0.0
28368.0,-17.24,-17.24,-17.24,24.5,24.75,-208.25,0.0
28393.0,-17.24,-17.24,-17.24,24.5,24.75,-208.25,0.0
28418.0,-17.24,-17.24,-17.24,24.5,24.75,-208.25,0.0
28443.0,-17.24,-17.24,-17.24,24.5,24.75,-208.25,0.0
28468.0,-17.24,-17.24,-17.24,24.5,24.75,-208.25,0.0
28493.0,-17.24,-17.24,-17.24,24.5,24.75,-208.25,0.0
28518.0,-17.24,-17.24,-17.24,24.5,24.75,-208.25,0.0
28543.0,-17.24,-17.24,-17.24,24.5,24.75,-208.25,0.0
28568.0,-17.24,-17.24,-17.24,24.5,24.75,-208.25,0.0
28593.0,-17.24,-17.24,-17.24,24.75,25.0,-208.25,0.0
28618.0,-17.24,-17.24,-17.24,24.75,25.0,-208.25,0.0
28643.0,-17.24,-17.24,-17.24,24.75,25.0,-208.25,0.0
28668.0,-17.24,-17.24,-17.24,24.75,25.0,-208.25,0.0
28693.0,-17.24,-17.24,-17.24,24.75,25.0,-208.25,0.0
28718.0,-17.24,-17.24,-17.24,24.75,25.0,-208.25,0.0
28743.0,-17.24,-17.24,-17.24,24.75,25.0,-208.25,0.0
28768.0,-17.24,-17.24,-17.24,24.75,25.0,-208.25,0.0
28793.0,-17.24,-17.24,-17.24,24.75,25.0,-208.25,0.0
28818.0,-17.24,-17.24,-17.24,24.75,25.0,-208.25,0.0
28843.0,-17.24,-17.24,-17.24,24.75,24.75,-208.25,0.0
28868.0,-17.24,-17.24,-17.24,24.75,24.75,-208.25,0.0
28893.0,-17.24,-17.24,-17.24,24.75,24.75,-208.25,90.0
28918.0,-17.24,-17.24,-17.24,24.75,24.75,-208.25,90.0
28943.0,-17.24,-17.24,-17.24,24.75,24.75,-208.25,90.0
28968.0,-17.24,-17.24,-17.24,24.75,24.75,-208.25,90.0
28993.0,-17.24,-17.24,-17.24,24.75,24.75,-208.25,90.0
29018.0,-17.24,-17.24,-17.24,24.75,24.75,-208.25,90.0
29043.0,-17.24,-17.24,-17.24,24.75,24.75,-208.25,90.0
29068.0,-17.24,-17.24,-17.24,24.75,24.75,-208.25,90.0
29093.0,-17.24,-17.24,-17.24,24.75,24.25,-208.25,90.0
29118.0,-17.24,-17.24,-17.24,24.75,24.25,-208.25,90.0
29143.0,-17.24,-17.24,-17.24,24.75,24.25,-208.25,90.0
29168.0,-17.24,-17.24,-17.24,24.75,24.25,-208.25,90.0
29193.0,-17.24,-17.24,-17.24,24.75,24.25,-208.25,90.0
29218.0,-17.24,-17.24,-17.24,24.75,24.25,-208.25,90.0
29243.0,-17.24,-17.24,-17.24,24.75,24.25,-208.25,90.0
29268.0,-17.24,-17.24,-17.24,24.75,24.25,-208.25,90.0
29293.0,-17.24,-17.24,-17.24,24.75,24.25,-208.25,90.0
29318.0,-17.24,-17.24,-17.24,24.75,24.25,-208.25,90.0
29343.0,-17.24,-17.24,-17.24,24.75,25.0,-208.25,90.0
29368.0,-17.24,-17.24,-17.24,24.75,25.0,-208.25,90.0
29393.0,-17.24,-17.24,-17.24,24.75,25.0,-208.25,90.0
29418.0,-17.24,-17.24,-17.24,24.75,25.0,-208.25,90.0
29443.0,-17.24,-17.24,-17.24,24.75,25.0,-208.25,90.0
29468.0,-17.24,-17.24,-17.24,24.75,25.0,-208.25,90.0
29493.0,-17.24,-17.24,-17.24,24.75,25.0,-208.25,90.0
29518.0,-17.24,-17.24,-17.24,24.75,25.0,-208.25,90.0
29543.0,-17.24,-17.24,-17.24,24.75,25.0,-208.25,90.0
29568.0,-17.24,-17.24,-17.24,24.75,25.0,-208.25,90.0
29593.0,-17.24,-17.24,-17.24,24.75,24.5,-208.25,90.0
29618.0,-17.24,-17.24,-17.24,24.75,24.5,-208.25,90.0
29643.0,-17.24,-17.24,-17.24,24.75,24.5,-208.25,90.0
29668.0,-17.24,-17.24,-17.24,24.75,24.5,-208.25,90.0
29693.0,-17.24,-17.24,-17.24,24.75,24.5,-208.25,90.0
29718.0,-17.24,-17.24,-17.24,24.75,24.5,-208.25,90.0
29743.0,-17.24,-17.24,-17.24,24.75,24.5,-208.25,90.0
29768.0,-17.24,-17.24,-17.24,24.75,24.5,-208.25,90.0
29793.0,-17.24,-17.24,-17.24,24.75,24.5,-208.25,90.0
29818.0,-17.24,-17.24,-17.24,24.75,24.5,-208.25,90.0
29843.0,-17.24,-17.24,-17.24,24.5,24.5,-208.25,90.0
29868.0,-17.24,-17.24,-17.24,24.5,24.5,-208.25,90.0
29893.0,-17.24,-17.24,-17.24,24.5,24.5,-208.25,90.0
29918.0,-17.24,-17.24,-17.24,24.5,24.5,-208.25,90.0
29943.0,-17.24,-17.24,-17.24,24.5,24.5,-208.25,90.0
29968.0,-17.24,-17.24,-17.24,24.5,24.5,-208.25,90.0
29993.0,-17.24,-17.24,-17.24,24.5,24.5,-208.25,90.0
30018.0,-17.24,-17.24,-17.24,24.5,24.5,-208.25,90.0
30043.0,-17.24,-17.24,-17.24,24.5,24.5,-208.25,90.0
30068.0,-17.24,-17.24,-17.24,24.5,24.5,-208.25,90.0
30093.0,-17.24,-17.24,-17.24,24.0,24.25,-208.25,90.0
30118.0,-17.24,-17.24,-17.24,24.0,24.25,-208.25,90.0
30143.0,-17.24,-17.24,-17.24,24.0,24.25,-208.25,90.0
30168.0,-17.24,-17.24,-17.24,24.0,24.25,-208.25,90.0
30193.0,-17.24,-17.24,-17.24,24.0,24.25,-208.25,90.0
30218.0,-17.24,-17.24,-17.24,24.0,24.25,-208.25,90.0
30243.0,-17.24,-17.24,-17.24,24.0,24.25,-208.25,90.0
30268.0,-17.24,-17.24,-17.24,24.0,24.25,-208.25,90.0
30293.0,-17.24,-17.24,-17.24,24.0,24.25,-208.25,90.0
30318.0,-17.24,-17.24,-17.24,24.0,24.25,-208.25,90.0
30343.0,-17.24,-17.24,-17.24,24.0,24.5,-208.25,90.0
30368.0,-17.24,-17.24,-17.24,24.0,24.5,-208.25,90.0
30393.0,-17.24,-17.24,-17.24,24.0,24.5,-208.25,90.0
30418.0,-17.24,-17.24,-17.24,24.0,24.5,-208.25,90.0
30443.0,-17.24,-17.24,-17.24,24.0,24.5,-208.25,90.0
30468.0,-17.24,-17.24,-17.24,24.0,24.5,-208.25,90.0
30493.0,-17.24,-17.24,-17.24,24.0,24.5,-208.25,90.0
30518.0,-17.24,-17.24,-17.24,24.0,24.5,-208.25,90.0
30543.0,-17.24,-17.24,-17.24,24.0,24.5,-208.25,90.0
30568.0,-17.24,-17.24,-17.24,24.0,24.5,-208.25,90.0
30593.0,-17.24,-17.24,-17.24,24.25,25.25,-208.25,90.0
30618.0,-17.24,-17.24,-17.24,24.25,25.25,-208.25,90.0
30643.0,-17.24,-17.24,-17.24,24.25,25.25,-208.25,90.0
30668.0,-17.24,-17.24,-17.24,24.25,25.25,-208.25,90.0
30693.0,-17.24,-17.24,-17.24,24.25,25.25,-208.25,90.0
30718.0,-17.24,-17.24,-17.24,24.25,25.25,-208.25,90.0
30743.0,-17.24,-17.24,-17.24,24.25,25.25,-208.25,90.0
30768.0,-17.24,-17.24,-17.24,24.25,25.25,-208.25,90.0
30793.0,-17.24,-17.24,-17.24,24.25,25.25,-208.25,90.0
30818.0,-17.24,-17.24,-17.24,24.25,25.25,-208.25,90.0
30843.0,-17.24,-17.24,-17.24,24.5,24.5,-208.25,90.0
30868.0,-17.24,-17.24,-17.24,24.5,24.5,-208.25,90.0
30893.0,-17.24,-17.24,-17.24,24.5,24.5,-208.25,90.0
30918.0,-17.24,-17.24,-17.24,24.5,24.5,-208.25,90.0
30943.0,-17.24,-17.24,-17.24,24.5,24.5,-208.25,90.0
30968.0,-17.24,-17.24,-17.24,24.5,24.5,-208.25,0.0
30993.0,-17.24,-17.24,-17.24,24.5,24.5,-208.25,0.0
31018.0,-17.24,-17.24,-17.24,24.5,24.5,-208.25,0.0
31043.0,-17.24,-17.24,-17.24,24.5,24.5,-208.25,0.0
31068.0,-17.24,-17.24,-17.24,24.5,24.5,-208.25,0.0
31093.0,-17.24,-17.24,-17.24,24.5,25.0,-208.25,0.0
31118.0,-17.24,-17.24,-17.24,24.5,25.0,-208.25,0.0
31143.0,-17.24,-17.24,-17.24,24.5,25.0,-208.25,0.0
31168.0,-17.24,-17.24,-17.24,24.5,25.0,-208.25,0.0
31193.0,-17.24,-17.24,-17.24,24.5,25.0,-208.25,0.0
31218.0,-17.24,-17.24,-17.24,24.5,25.0,-208.25,0.0
31243.0,-17.24,-17.24,-17.24,24.5,25.0,-208.25,0.0
31268.0,-17.24,-17.24,-17.24,24.5,25.0,-208.25,0.0
31293.0,-17.24,-17.24,-17.24,24.5,25.0,-208.25,0.0
31318.0,-17.24,-17.24,-17.24,24.5,25.0,-208.25,0.0
31343.0,-17.24,-17.24,-17.24,24.25,24.5,-208.25,0.0
31368.0,-17.24,-17.24,-17.24,24.25,24.5,-208.25,0.0
31393.0,-17.24,-17.24,-17.24,24.25,24.5,-208.25,0.0
31418.0,-17.24,-17.24,-17.24,24.25,24.5,-208.25,0.0
31443.0,-17.24,-17.24,-17.24,24.25,24.5,-208.25,0.0
31468.0,-17.24,-17.24,-17.24,24.25,24.5,-208.25,0.0
31493.0,-17.24,-17.24,-17.24,24.25,24.5,-208.25,0.0
31518.0,-17.24,-17.24,-17.24,24.25,24.5,-208.25,0.0
31543.0,-17.24,-17.24,-17.24,24.25,24.5,-208.25,0.0
31568.0,-17.24,-17.24,-17.24,24.25,24.5,-208.25,0.0
31593.0,-17.24,-17.24,-17.24,24.25,24.25,-208.25,0.0
31618.0,-17.24,-17.24,-17.24,24.25,24.25,-208.25,0.0
31643.0,-17.24,-17.24,-17.24,24.25,24.25,-208.25,0.0
31668.0,-17.24,-17.24,-17.24,24.25,24.25,-208.25,0.0
31693.0,-17.24,-17.24,-17.24,24.25,24.25,-208.25,0.0
31718.0,-17.24,-17.24,-17.24,24.25,24.25,-208.25,0.0
31743.0,-17.24,-17.24,-17.24,24.25,24.25,-208.25,0.0
31768.0,-17.24,-17.24,-17.24,24.25,24.25,-208.25,0.0
31793.0,-17.24,-17.24,-17.24,24.25,24.25,-208.25,0.0
31818.0,-17.24,-17.24,-17.24,24.25,24.25,-208.25,0.0
31843.0,-17.24,-17.24,-17.24,24.5,25.0,-208.25,0.0
31868.0,-17.24,-17.24,-17.24,24.5,25.0,-208.25,0.0
31893.0,-17.24,-17.24,-17.24,24.5,25.0,-208.25,0.0
31918.0,-17.24,-17.24,-17.24,24.5,25.0,-208.25,0.0
31943.0,-17.24,-17.24,-17.24,24.5,25.0,-208.25,0.0
31968.0,-17.24,-17.24,-17.24,24.5,25.0,-208.25,0.0
31993.0,-17.24,-17.24,-17.24,24.5,25.0,-208.25,0.0
32018.0,-17.24,-17.24,-17.24,24.5,25.0,-208.25,0.0
32043.0,-17.24,-17.24,-17.24,24.5,25.0,-208.25,0.0
32068.0,-17.24,-17.24,-17.24,24.5,25.0,-208.25,0.0
32093.0,-17.24,-17.24,-17.24,24.5,24.75,-208.25,0.0
32118.0,-17.24,-17.24,-17.24,24.5,24.75,-208.25,0.0
32143.0,-17.24,-17.24,-17.24,24.5,24.75,-208.25,0.0
32168.0,-17.24,-17.24,-17.24,24.5,24.75,-208.25,0.0
32193.0,-17.24,-17.24,-17.24,24.5,24.75,-208.25,0.0
32218.0,-17.24,-17.24,-17.24,24.5,24.75,-208.25,0.0
32243.0,-17.24,-17.24,-17.24,24.5,24.75,-208.25,0.0
32268.0,-17.24,-17.24,-17.24,24.5,24.75,-208.25,0.0
32293.0,-17.24,-17.24,-17.24,24.5,24.75,-208.25,0.0
32318.0,-17.24,-17.24,-17.24,24.5,24.75,-208.25,0.0
32343.0,-17.24,-17.24,-17.24,24.5,25.0,-208.25,0.0
32368.0,-17.24,-17.24,-17.24,24.5,25.0,-208.25,0.0
32393.0,-17.24,-17.24,-17.24,24.5,25.0,-208.25,0.0
32418.0,-17.24,-17.24,-17.24,24.5,25.0,-208.25,0.0
32443.0,-17.24,-17.24,-17.24,24.5,25.0,-208.25,0.0
32468.0,-17.24,-17.24,-17.24,24.5,25.0,-208.25,0.0
32493.0,-17.24,-17.24,-17.24,24.5,25.0,-208.25,0.0
32518.0,-17.24,-17.24,-17.24,24.5,25.0,-208.25,0.0
32543.0,-17.24,-17.24,-17.24,24.5,25.0,-208.25,0.0
32568.0,-17.24,-17.24,-17.24,24.5,25.0,-208.25,0.0
32593.0,-17.24,-17.24,-17.24,24.25,25.25,-208.25,0.0
32618.0,-17.24,-17.24,-17.24,24.25,25.25,-208.25,0.0
32643.0,-17.24,-17.24,-17.24,24.25,25.25,-208.25,0.0
32668.0,-17.24,-17.24,-17.24,24.25,25.25,-208.25,0.0
32693.0,-17.24,-17.24,-17.24,24.25,25.25,-208.25,0.0
32718.0,-17.24,-17.24,-17.24,24.25,25.25,-208.25,0.0
32743.0,-17.24,-17.24,-17.24,24.25,25.25,-208.25,0.0
32768.0,-17.24,-17.24,-17.24,24.25,25.25,-208.25,0.0
32793.0,-17.24,-17.24,-17.24,24.25,25.25,-208.25,0.0
32818.0,-17.24,-17.24,-17.24,24.25,25.25,-208.25,0.0
32843.0,-17.24,-17.24,-17.24,24.25,25.25,-208.25,0.0
32868.0,-17.24,-17.24,-17.24,24.25,25.25,-208.25,0.0
32893.0,-17.24,-17.24,-17.24,24.25,25.25,-208.25,0.0
32918.0,-17.24,-17.24,-17.24,24.25,25.25,-208.25,0.0
32943.0,-17.24,-17.24,-17.24,24.25,25.25,-208.25,0.0
32968.0,-17.24,-17.24,-17.24,24.25,25.25,-208.25,90.0
32993.0,-17.24,-17.24,-17.24,24.25,25.25,-208.25,90.0
33018.0,-17.24,-17.24,-17.24,24.25,25.25,-208.25,90.0
33043.0,-17.24,-17.24,-17.24,24.25,25.25,-208.25,90.0
33068.0,-17.24,-17.24,-17.24,24.25,25.25,-208.25,90.0
33093.0,-17.24,-17.24,-17.24,24.75,24.5,-208.25,90.0
33118.0,-17.24,-17.24,-17.24,24.75,24.5,-208.25,90.0
33143.0,-17.24,-17.24,-17.24,24.75,24.5,-208.25,90.0
33168.0,-17.24,-17.24,-17.24,24.75,24.5,-208.25,90.0
33193.0,-17.24,-17.24,-17.24,24.75,24.5,-208.25,90.0
33218.0,-17.24,-17.24,-17.24,24.75,24.5,-208.25,90.0
33243.0,-17.24,-17.24,-17.24,24.75,24.5,-208.25,90.0
33268.0,-17.24,-17.24,-17.24,24.75,24.5,-208.25,90.0
33293.0,-17.24,-17.24,-17.24,24.75,24.5,-208.25,90.0
33318.0,-17.24,-17.24,-17.24,24.75,24.5,-208.25,90.0
33343.0,-17.24,-17.24,-17.24,24.75,25.0,-208.25,90.0
33368.0,-17.24,-17.24,-17.24,24.75,25.0,-208.25,90.0
33393.0,-17.24,-17.24,-17.24,24.75,25.0,-208.25,90.0
33418.0,-17.24,-17.24,-17.24,24.75,25.0,-208.25,90.0
33443.0,-17.24,-17.24,-17.24,24.75,25.0,-208.25,90.0
33468.0,-17.24,-17.24,-17.24,24.75,25.0,-208.25,90.0
33493.0,-17.24,-17.24,-17.24,24.75,25.0,-208.25,90.0
33518.0,-17.24,-17.24,-17.24,24.75,25.0,-208.25,90.0
33543.0,-17.24,-17.24,-17.24,24.75,25.0,-208.25,90.0
33568.0,-17.24,-17.24,-17.24,24.75,25.0,-208.25,90.0
33593.0,-17.24,-17.24,-17.24,24.75,24.75,-208.25,90.0
33618.0,-17.24,-17.24,-17.24,24.75,24.75,-208.25,90.0
33643.0,-17.24,-17.24,-17.24,24.75,24.75,-208.25,90.0
33668.0,-17.24,-17.24,-17.24,24.75,24.75,-208.25,90.0
33693.0,-17.24,-17.24,-17.24,24.75,24.75,-208.25,90.0
33718.0,-17.24,-17.24,-17.24,24.75,24.75,-208.25,90.0
33743.0,-17.24,-17.24,-17.24,24.75,24.75,-208.25,90.0
33768.0,-17.24,-17.24,-17.24,24.75,24.75,-208.25,90.0
33793.0,-17.24,-17.24,-17.24,24.75,24.75,-208.25,90.0
33818.0,-17.24,-17.24,-17.24,24.75,24.75,-208.25,90.0
33843.0,-17.24,-17.24,-17.24,24.0,25.0,-208.25,90.0
33868.0,-17.24,-17.24,-17.24,24.0,25.0,-208.25,90.0
33893.0,-17.24,-17.24,-17.24,24.0,25.0,-208.25,90.0
33918.0,-17.24,-17.24,-17.24,24.0,25.0,-208.25,90.0
33943.0,-17.24,-17.24,-17.24,24.0,25.0,-208.25,90.0
33968.0,-17.24,-17.24,-17.24,24.0,25.0,-208.25,90.0
33993.0,-17.24,-17.24,-17.24,24.0,25.0,-208.25,90.0
34018.0,-17.24,-17.24,-17.24,24.0,25.0,-208.25,90.0
34043.0,-17.24,-17.24,-17.24,24.0,25.0,-208.25,90.0
34068.0,-17.24,-17.24,-17.24,24.0,25.0,-208.25,90.0
34093.0,-17.24,-17.24,-17.24,24.25,24.5,-208.25,90.0
34118.0,-17.24,-17.24,-17.24,24.25,24.5,-208.25,90.0
34143.0,-17.24,-17.24,-17.24,24.25,24.5,-208.25,90.0
34168.0,-17.24,-17.24,-17.24,24.25,24.5,-208.25,90.0
34193.0,-17.24,-17.24,-17.24,24.25,24.5,-208.25,90.0
34218.0,-17.24,-17.24,-17.24,24.25,24.5,-208.25,90.0
34243.0,-17.24,-17.24,-17.24,24.25,24.5,-208.25,90.0
34268.0,-17.24,-17.24,-17.24,24.25,24.5,-208.25,90.0
34293.0,-17.24,-17.24,-17.24,24.25,24.5,-208.25,90.0
34318.0,-17.24,-17.24,-17.24,24.25,24.5,-208.25,90.0
34343.0,-17.24,-17.24,-17.24,24.5,24.5,-208.25,90.0
34368.0,-17.24,-17.24,-17.24,24.5,24.5,-208.25,90.0
34393.0,-17.24,-17.24,-17.24,24.5,24.5,-208.25,90.0
34418.0,-17.24,-17.24,-17.24,24.5,24.5,-208.25,90.0
34443.0,-17.24,-17.24,-17.24,24.5,24.5,-208.25,90.0
34468.0,-17.24,-17.24,-17.24,24.5,24.5,-208.25,90.0
34493.0,-17.24,-17.24,-17.24,24.5,24.5,-208.25,90.0
34518.0,-17.24,-17.24,-17.24,24.5,24.5,-208.25,90.0
34543.0,-17.24,-17.24,-17.24,24.5,24.5,-208.25,90.0
34568.0,-17.24,-17.24,-17.24,24.5,24.5,-208.25,0.0
34593.0,-17.24,-17.24,-17.24,24.5,24.5,-208.25,0.0
34618.0,-17.24,-17.24,-17.24,24.5,24.5,-208.25,0.0
34643.0,-17.24,-17.24,-17.24,24.5,24.5,-208.25,0.0
34668.0,-17.24,-17.24,-17.24,24.5,24.5,-208.25,0.0
34693.0,-17.24,-17.24,-17.24,24.5,24.5,-208.25,0.0
34718.0,-17.24,-17.24,-17.24,24.5,24.5,-208.25,0.0
34743.0,-17.24,-17.24,-17.24,24.5,24.5,-208.25,0.0
34768.0,-17.24,-17.24,-17.24,24.5,24.5,-208.25,0.0
34793.0,-17.24,-17.24,-17.24,24.5,24.5,-208.25,0.0
34818.0,-17.24,-17.24,-17.24,24.5,24.5,-208.25,0.0
34843.0,-17.24,-17.24,-17.24,24.25,24.75,-208.25,0.0
34868.0,-17.24,-17.24,-17.24,24.25,24.75,-208.25,0.0
34893.0,-17.24,-17.24,-17.24,24.25,24.75,-208.25,0.0
34918.0,-17.24,-17.24,-17.24,24.25,24.75,-208.25,0.0
34943.0,-17.24,-17.24,-17.24,24.25,24.75,-208.25,0.0
34968.0,-17.24,-17.24,-17.24,24.25,24.75,-208.25,0.0
34993.0,-17.24,-17.24,-17.24,24.25,24.75,-208.25,0.0
35018.0,-17.24,-17.24,-17.24,24.25,24.75,-208.25,0.0
35043.0,-17.24,-17.24,-17.24,24.25,24.75,-208.25,0.0
35068.0,-17.24,-17.24,-17.24,24.25,24.75,-208.25,0.0
35093.0,-17.24,-17.24,-17.24,24.5,24.25,-208.25,0.0
35118.0,-17.24,-17.24,-17.24,24.5,24.25,-208.25,0.0
35143.0,-17.24,-17.24,-17.24,24.5,24.25,-208.25,0.0
35168.0,-17.24,-17.24,-17.24,24.5,24.25,-208.25,0.0
35193.0,-17.24,-17.24,-17.24,24.5,24.25,-208.25,0.0
35218.0,-17.24,-17.24,-17.24,24.5,24.25,-208.25,0.0
35243.0,-17.24,-17.24,-17.24,24.5,24.25,-208.25,0.0
35268.0,-17.24,-17.24,-17.24,24.5,24.25,-208.25,0.0
35293.0,-17.24,-17.24,-17.24,24.5,24.25,-208.25,0.0
35318.0,-17.24,-17.24,-17.24,24.5,24.25,-208.25,0.0
35343.0,-17.24,-17.24,-17.24,24.25,24.75,-208.25,0.0
35368.0,-17.24,-17.24,-17.24,24.25,24.75,-208.25,0.0
35393.0,-17.24,-17.24,-17.24,24.25,24.75,-208.25,0.0
35418.0,-17.24,-17.24,-17.24,24.25,24.75,-208.25,0.0
35443.0,-17.24,-17.24,-17.24,24.25,24.75,-208.25,0.0
35468.0,-17.24,-17.24,-17.24,24.25,24.75,-208.25,0.0
35493.0,-17.24,-17.24,-17.24,24.25,24.75,-208.25,0.0
35518.0,-17.24,-17.24,-17.24,24.25,24.75,-208.25,0.0
35543.0,-17.24,-17.24,-17.24,24.25,24.75,-208.25,0.0
35568.0,-17.24,-17.24,-17.24,24.25,24.75,-208.25,0.0
35593.0,-17.24,-17.24,-17.24,24.25,24.75,-208.25,0.0
35618.0,-17.24,-17.24,-17.24,24.25,24.75,-208.25,0.0
35643.0,-17.24,-17.24,-17.24,24.25,24.75,-208.25,0.0
35668.0,-17.24,-17.24,-17.24,24.25,24.75,-208.25,0.0
35693.0,-17.24,-17.24,-17.24,24.25,24.75,-208.25,0.0
35718.0,-17.24,-17.24,-17.24,24.25,24.75,-208.25,0.0
35743.0,-17.24,-17.24,-17.24,24.25,24.75,-208.25,0.0
35768.0,-17.24,-17.24,-17.24,24.25,24.75,-208.25,0.0
35793.0,-17.24,-17.24,-17.24,24.25,24.75,-208.25,0.0
35818.0,-17.24,-17.24,-17.24,24.25,24.75,-208.25,0.0
35843.0,-17.24,-17.24,-17.24,24.75,25.0,-208.25,0.0
35868.0,-17.24,-17.24,-17.24,24.75,25.0,-208.25,0.0
35893.0,-17.24,-17.24,-17.24,24.75,25.0,-208.25,0.0
35918.0,-17.24,-17.24,-17.24,24.75,25.0,-208.25,0.0
35943.0,-17.24,-17.24,-17.24,24.75,25.0,-208.25,0.0
35968.0,-17.24,-17.24,-17.24,24.75,25.0,-208.25,0.0
35993.0,-17.24,-17.24,-17.24,24.75,25.0,-208.25,0.0
36018.0,-17.24,-17.24,-17.24,24.75,25.0,-208.25,0.0
36043.0,-17.24,-17.24,-17.24,24.75,25.0,-208.25,0.0
36068.0,-17.24,-17.24,-17.24,24.75,25.0,-208.25,0.0
36093.0,-17.24,-17.24,-17.24,24.5,24.5,-208.25,0.0
36118.0,-17.24,-17.24,-17.24,24.5,24.5,-208.25,0.0
36143.0,-17.24,-17.24,-17.24,24.5,24.5,-208.25,0.0
36168.0,-17.24,-17.24,-17.24,24.5,24.5,-208.25,0.0
36193.0,-17.24,-17.24,-17.24,24.5,24.5,-208.25,0.0
36218.0,-17.24,-17.24,-17.24,24.5,24.5,-208.25,0.0
36243.0,-17.24,-17.24,-17.24,24.5,24.5,-208.25,0.0
36268.0,-17.24,-17.24,-17.24,24.5,24.5,-208.25,0.0
36293.0,-17.24,-17.24,-17.24,24.5,24.5,-208.25,0.0
36318.0,-17.24,-17.24,-17.24,24.5,24.5,-208.25,0.0
36343.0,-17.24,-17.24,-17.24,24.5,24.5,-208.25,0.0
36368.0,-17.24,-17.24,-17.24,24.5,24.5,-208.25,0.0
36393.0,-17.24,-17.24,-17.24,24.5,24.5,-208.25,0.0
36418.0,-17.24,-17.24,-17.24,24.5,24.5,-208.25,0.0
36443.0,-17.24,-17.24,-17.24,24.5,24.5,-208.25,0.0
36468.0,-17.24,-17.24,-17.24,24.5,24.5,-208.25,0.0
36493.0,-17.24,-17.24,-17.24,24.5,24.5,-208.25,0.0
36518.0,-17.24,-17.24,-17.24,24.5,24.5,-208.25,0.0
36543.0,-17.24,-17.24,-17.24,24.5,24.5,-208.25,10.0
36568.0,-17.24,-17.24,-17.24,24.5,24.5,-208.25,10.0
36593.0,-17.24,-17.24,-17.24,24.5,24.5,-208.25,10.0
36618.0,-17.24,-17.24,-17.24,24.5,24.5,-208.25,10.0
36643.0,-17.24,-17.24,-17.24,24.5,24.5,-208.25,10.0
36668.0,-17.24,-17.24,-17.24,24.5,24.5,-208.25,10.0
36693.0,-17.24,-17.24,-17.24,24.5,24.5,-208.25,10.0
36718.0,-17.24,-17.24,-17.24,24.5,24.5,-208.25,10.0
36743.0,-17.24,-17.24,-17.24,24.5,24.5,-208.25,10.0
36768.0,-17.24,-17.24,-17.24,24.5,24.5,-208.25,10.0
36793.0,-17.24,-17.24,-17.24,24.5,24.5,-208.25,10.0
36818.0,-17.24,-17.24,-17.24,24.5,24.5,-208.25,10.0
36843.0,-17.24,-17.24,-17.24,24.75,24.75,-208.25,10.0
36868.0,-17.24,-17.24,-17.24,24.75,24.75,-208.25,10.0
36893.0,-17.24,-17.24,-17.24,24.75,24.75,-208.25,10.0
36918.0,-17.24,-17.24,-17.24,24.75,24.75,-208.25,10.0
36943.0,-17.24,-17.24,-17.24,24.75,24.75,-208.25,10.0
36968.0,-17.24,-17.24,-17.24,24.75,24.75,-208.25,10.0
36993.0,-17.24,-17.24,-17.24,24.75,24.75,-208.25,10.0
37018.0,-17.24,-17.24,-17.24,24.75,24.75,-208.25,2.0
37043.0,-17.24,-17.24,-17.24,24.75,24.75,-208.25,2.0
37068.0,-17.24,-17.24,-17.24,24.75,24.75,-208.25,2.0
37093.0,-17.24,-17.24,-17.24,24.25,24.0,-208.25,2.0
37118.0,-17.24,-17.24,-17.24,24.25,24.0,-208.25,2.0
37143.0,-17.24,-17.24,-17.24,24.25,24.0,-208.25,2.0
37168.0,-17.24,-17.24,-17.24,24.25,24.0,-208.25,2.0
37193.0,-17.24,-17.24,-17.24,24.25,24.0,-208.25,2.0
37218.0,-17.24,-17.24,-17.24,24.25,24.0,-208.25,2.0
37243.0,-17.24,-17.24,-17.24,24.25,24.0,-208.25,2.0
37268.0,-17.24,-17.24,-17.24,24.25,24.0,-208.25,2.0
37293.0,-17.24,-17.24,-17.24,24.25,24.0,-208.25,2.0
37318.0,-17.24,-17.24,-17.24,24.25,24.0,-208.25,2.0
37343.0,-17.24,-17.24,-17.24,24.25,24.75,-208.25,2.0
37368.0,-17.24,-17.24,-17.24,24.25,24.75,-208.25,2.0
37393.0,-17.24,-17.24,-17.24,24.25,24.75,-208.25,2.0
37418.0,-17.24,-17.24,-17.24,24.25,24.75,-208.25,2.0
37443.0,-17.24,-17.24,-17.24,24.25,24.75,-208.25,2.0
37468.0,-17.24,-17.24,-17.24,24.25,24.75,-208.25,2.0
37493.0,-17.24,-17.24,-17.24,24.25,24.75,-208.25,2.0
37518.0,-17.24,-17.24,-17.24,24.25,24.75,-208.25,2.0
37543.0,-17.24,-17.24,-17.24,24.25,24.75,-208.25,2.0
37568.0,-17.24,-17.24,-17.24,24.25,24.75,-208.25,2.0
37593.0,-17.24,-17.24,-17.24,24.5,24.25,-208.25,2.0
37618.0,-17.24,-17.24,-17.24,24.5,24.25,-208.25,2.0
37643.0,-17.24,-17.24,-17.24,24.5,24.25,-208.25,2.0
37668.0,-17.24,-17.24,-17.24,24.5,24.25,-208.25,2.0
37693.0,-17.24,-17.24,-17.24,24.5,24.25,-208.25,2.0
37718.0,-17.24,-17.24,-17.24,24.5,24.25,-208.25,2.0
37743.0,-17.24,-17.24,-17.24,24.5,24.25,-208.25,2.0
37768.0,-17.24,-17.24,-17.24,24.5,24.25,-208.25,2.0
37793.0,-17.24,-17.24,-17.24,24.5,24.25,-208.25,2.0
37818.0,-17.24,-17.24,-17.24,24.5,24.25,-208.25,2.0
37843.0,-17.24,-17.24,-17.24,24.5,24.5,-208.25,2.0
37868.0,-17.24,-17.24,-17.24,24.5,24.5,-208.25,2.0
37893.0,-17.24,-17.24,-17.24,24.5,24.5,-208.25,2.0
37918.0,-17.24,-17.24,-17.24,24.5,24.5,-208.25,2.0
37943.0,-17.24,-17.24,-17.24,24.5,24.5,-208.25,2.0
37968.0,-17.24,-17.24,-17.24,24.5,24.5,-208.25,2.0
37993.0,-17.24,-17.24,-17.24,24.5,24.5,-208.25,2.0
38018.0,-17.24,-17.24,-17.24,24.5,24.5,-208.25,2.0
38043.0,-17.24,-17.24,-17.24,24.5,24.5,-208.25,2.0
38068.0,-17.24,-17.24,-17.24,24.5,24.5,-208.25,2.0
38093.0,-17.24,-17.24,-17.24,24.75,25.0,-208.25,2.0
38118.0,-17.24,-17.24,-17.24,24.75,25.0,-208.25,2.0
38143.0,-17.24,-17.24,-17.24,24.75,25.0,-208.25,2.0
38168.0,-17.24,-17.24,-17.24,24.75,25.0,-208.25,2.0
38193.0,-17.24,-17.24,-17.24,24.75,25.0,-208.25,2.0
38218.0,-17.24,-17.24,-17.24,24.75,25.0,-208.25,2.0
38243.0,-17.24,-17.24,-17.24,24.75,25.0,-208.25,2.0
38268.0,-17.24,-17.24,-17.24,24.75,25.0,-208.25,2.0
38293.0,-17.24,-17.24,-17.24,24.75,25.0,-208.25,2.0
38318.0,-17.24,-17.24,-17.24,24.75,25.0,-208.25,2.0
38343.0,-17.24,-17.24,-17.24,24.75,25.0,-208.25,2.0
38368.0,-17.24,-17.24,-17.24,24.75,25.0,-208.25,2.0
38393.0,-17.24,-17.24,-17.24,24.75,25.0,-208.25,2.0
38418.0,-17.24,-17.24,-17.24,24.75,25.0,-208.25,2.0
38443.0,-17.24,-17.24,-17.24,24.75,25.0,-208.25,2.0
38468.0,-17.24,-17.24,-17.24,24.75,25.0,-208.25,2.0
38493.0,-17.24,-17.24,-17.24,24.75,25.0,-208.25,2.0
38518.0,-17.24,-17.24,-17.24,24.75,25.0,-208.25,2.0
38543.0,-17.24,-17.24,-17.24,24.75,25.0,-208.25,2.0
38568.0,-17.24,-17.24,-17.24,24.75,25.0,-208.25,2.0
38593.0,-17.24,-17.24,-17.24,24.75,24.75,-208.25,20.0
38618.0,-17.24,-17.24,-17.24,24.75,24.75,-208.25,20.0
38643.0,-17.24,-17.24,-17.24,24.75,24.75,-208.25,20.0
38668.0,-17.24,-17.24,-17.24,24.75,24.75,-208.25,20.0
38693.0,-17.24,-17.24,-17.24,24.75,24.75,-208.25,20.0
38718.0,-17.24,-17.24,-17.24,24.75,24.75,-208.25,20.0
38743.0,-17.24,-17.24,-17.24,24.75,24.75,-208.25,20.0
38768.0,-17.24,-17.24,-17.24,24.75,24.75,-208.25,20.0
38793.0,-17.24,-17.24,-17.24,24.75,24.75,-208.25,20.0
38818.0,-17.24,-17.24,-17.24,24.75,24.75,-208.25,20.0
38843.0,-17.24,-17.24,-17.24,24.0,25.0,-208.25,20.0
38868.0,-17.24,-17.24,-17.24,24.0,25.0,-208.25,20.0
38893.0,-17.24,-17.24,-17.24,24.0,25.0,-208.25,20.0
38918.0,-17.24,-17.24,-17.24,24.0,25.0,-208.25,20.0
38943.0,-17.24,-17.24,-17.24,24.0,25.0,-208.25,20.0
38968.0,-17.24,-17.24,-17.24,24.0,25.0,-208.25,20.0
38993.0,-17.24,-17.24,-17.24,24.0,25.0,-208.25,20.0
39018.0,-17.24,-17.24,-17.24,24.0,25.0,-208.25,20.0
39043.0,-17.24,-17.24,-17.24,24.0,25.0,-208.25,20.0
39068.0,-17.24,-17.24,-17.24,24.0,25.0,-208.25,20.0
39093.0,-17.24,-17.24,-17.24,24.0,24.75,-208.25,20.0
39118.0,-17.24,-17.24,-17.24,24.0,24.75,-208.25,20.0
39143.0,-17.24,-17.24,-17.24,24.0,24.75,-208.25,20.0
39168.0,-17.24,-17.24,-17.24,24.0,24.75,-208.25,20.0
39193.0,-17.24,-17.24,-17.24,24.0,24.75,-208.25,20.0
39218.0,-17.24,-17.24,-17.24,24.0,24.75,-208.25,20.0
39243.0,-17.24,-17.24,-17.24,24.0,24.75,-208.25,20.0
39268.0,-17.24,-17.24,-17.24,24.0,24.75,-208.25,20.0
39293.0,-17.24,-17.24,-17.24,24.0,24.75,-208.25,20.0
39318.0,-17.24,-17.24,-17.24,24.0,24.75,-208.25,20.0
39343.0,-17.24,-17.24,-17.14,24.5,24.75,-208.25,30.0
39368.0,-17.24,-17.24,-17.24,24.5,24.75,-208.25,30.0
39393.0,-17.24,-17.24,-17.24,24.5,24.75,-208.25,30.0
39418.0,-17.24,-17.24,-17.24,24.5,24.75,-208.25,30.0
39443.0,-17.24,-17.24,-17.24,24.5,24.75,-208.25,30.0
39468.0,-17.24,-17.24,-17.24,24.5,24.75,-208.25,30.0
39493.0,-17.24,-17.24,-17.24,24.5,24.75,-208.25,30.0
39518.0,-17.24,-17.24,-17.24,24.5,24.75,-208.25,30.0
39543.0,-17.24,-17.24,-17.24,24.5,24.75,-208.25,30.0
39568.0,-17.24,-17.24,-17.24,24.5,24.75,-208.25,30.0
39593.0,-17.24,-17.24,-17.24,24.5,24.75,-208.25,30.0
39618.0,-17.24,-17.24,-17.24,24.5,24.75,-208.25,30.0
39643.0,-17.24,-17.24,-17.24,24.5,24.75,-208.25,30.0
39668.0,-17.24,-17.24,-17.24,24.5,24.75,-208.25,30.0
39693.0,-17.24,-17.24,-17.24,24.5,24.75,-208.25,30.0
39718.0,-17.24,-17.24,-17.24,24.5,24.75,-208.25,30.0
39743.0,-17.24,-17.24,-17.24,24.5,24.75,-208.25,30.0
39768.0,-17.24,-17.24,-17.24,24.5,24.75,-208.25,30.0
39793.0,-17.24,-17.24,-17.24,24.5,24.75,-208.25,30.0
39818.0,-17.24,-17.24,-17.24,24.5,24.75,-208.25,30.0
39843.0,-17.24,-17.24,-17.24,24.5,25.0,-208.25,30.0
39868.0,-17.24,-17.24,-17.24,24.5,25.0,-208.25,30.0
39893.0,-17.24,-17.24,-17.24,24.5,25.0,-208.25,30.0
39918.0,-17.24,-17.24,-17.24,24.5,25.0,-208.25,30.0
39943.0,-17.24,-17.24,-17.24,24.5,25.0,-208.25,30.0
39968.0,-17.24,-17.24,-17.24,24.5,25.0,-208.25,30.0
39993.0,-17.24,-17.24,-17.24,24.5,25.0,-208.25,30.0
40018.0,-17.24,-17.24,-17.24,24.5,25.0,-208.25,30.0
40043.0,-17.24,-17.24,-17.24,24.5,25.0,-208.25,40.0
40068.0,-17.24,-17.24,-17.24,24.5,25.0,-208.25,40.0
40093.0,-17.24,-17.24,-17.24,24.5,24.75,-208.25,40.0
40118.0,-17.24,-17.24,-17.24,24.5,24.75,-208.25,40.0
40143.0,-17.24,-17.24,-17.24,24.5,24.75,-208.25,40.0
40168.0,-17.24,-17.24,-17.24,24.5,24.75,-208.25,40.0
40193.0,-17.24,-17.24,-17.24,24.5,24.75,-208.25,40.0
40218.0,-17.24,-17.24,-17.24,24.5,24.75,-208.25,40.0
40243.0,-17.24,-17.24,-17.24,24.5,24.75,-208.25,40.0
40268.0,-17.24,-17.24,-17.24,24.5,24.75,-208.25,40.0
40293.0,-17.24,-17.24,-17.24,24.5,24.75,-208.25,40.0
40318.0,-17.24,-17.24,-17.24,24.5,24.75,-208.25,40.0
40343.0,-17.24,-17.24,-17.24,24.25,25.0,-208.25,40.0
40368.0,-17.24,-17.24,-17.24,24.25,25.0,-208.25,40.0
40393.0,-17.24,-17.24,-17.24,24.25,25.0,-208.25,40.0
40418.0,-17.24,-17.24,-17.24,24.25,25.0,-208.25,40.0
40443.0,-17.24,-17.24,-17.24,24.25,25.0,-208.25,40.0
40468.0,-17.24,-17.24,-17.24,24.25,25.0,-208.25,40.0
40493.0,-17.24,-17.24,-17.24,24.25,25.0,-208.25,40.0
40518.0,-17.24,-17.24,-17.24,24.25,25.0,-208.25,40.0
40543.0,-17.24,-17.24,-17.24,24.25,25.0,-208.25,40.0
40568.0,-17.24,-17.24,-17.24,24.25,25.0,-208.25,40.0
40593.0,-17.24,-17.24,-17.24,24.75,25.0,-208.25,40.0
40618.0,-17.24,-17.24,-17.24,24.75,25.0,-208.25,40.0
40643.0,-17.24,-17.24,-17.24,24.75,25.0,-208.25,50.0
40668.0,-17.24,-17.24,-17.24,24.75,25.0,-208.25,50.0
40693.0,-17.24,-17.14,-17.24,24.75,25.0,-208.25,50.0
40718.0,-17.24,-17.24,-17.24,24.75,25.0,-208.25,50.0
40743.0,-17.24,-17.24,-17.24,24.75,25.0,-208.25,50.0
40768.0,-17.24,-17.24,-17.24,24.75,25.0,-208.25,50.0
40793.0,-17.24,-17.24,-17.24,24.75,25.0,-208.25,50.0
40818.0,-17.24,-17.24,-17.24,24.75,25.0,-208.25,50.0
40843.0,-17.24,-17.24,-17.24,24.5,25.0,-208.25,50.0
40868.0,-17.24,-17.24,-17.24,24.5,25.0,-208.25,50.0
40893.0,-17.24,-17.24,-17.24,24.5,25.0,-208.25,50.0
40918.0,-17.24,-17.24,-17.24,24.5,25.0,-208.25,50.0
40943.0,-17.24,-17.24,-17.24,24.5,25.0,-208.25,50.0
40968.0,-17.24,-17.24,-17.24,24.5,25.0,-208.25,50.0
40993.0,-17.24,-17.24,-17.24,24.5,25.0,-208.25,50.0
41018.0,-17.24,-17.24,-17.24,24.5,25.0,-208.25,50.0
41043.0,-17.24,-17.24,-17.24,24.5,25.0,-208.25,50.0
41068.0,-17.24,-17.24,-17.24,24.5,25.0,-208.25,50.0
41093.0,-17.24,-17.24,-17.24,24.75,25.0,-208.25,50.0
41118.0,-17.24,-17.24,-17.24,24.75,25.0,-208.25,50.0
41143.0,-17.24,-17.24,-17.24,24.75,25.0,-208.25,50.0
41168.0,-17.24,-17.24,-17.24,24.75,25.0,-208.25,50.0
41193.0,-17.24,-17.24,-17.24,24.75,25.0,-208.25,50.0
41218.0,-17.24,-17.24,-17.24,24.75,25.0,-208.25,60.0
41243.0,-17.24,-17.24,-17.24,24.75,25.0,-208.25,60.0
41268.0,-17.24,-17.24,-17.24,24.75,25.0,-208.25,60.0
41293.0,-17.24,-17.24,-17.24,24.75,25.0,-208.25,60.0
41318.0,-17.24,-17.24,-17.24,24.75,25.0,-208.25,60.0
41343.0,-17.24,-17.24,-17.24,24.75,25.0,-208.25,60.0
41368.0,-17.24,-17.24,-17.24,24.75,25.0,-208.25,60.0
41393.0,-17.24,-17.24,-17.24,24.75,25.0,-208.25,60.0
41418.0,-17.24,-17.24,-17.24,24.75,25.0,-208.25,60.0
41443.0,-17.24,-17.24,-17.24,24.75,25.0,-208.25,60.0
41468.0,-17.24,-17.24,-17.24,24.75,25.0,-208.25,60.0
41493.0,-17.24,-17.24,-17.24,24.75,25.0,-208.25,60.0
41518.0,-17.24,-17.24,-17.24,24.75,25.0,-208.25,60.0
41543.0,-17.24,-17.24,-17.24,24.75,25.0,-208.25,60.0
41568.0,-17.24,-17.24,-17.24,24.75,25.0,-208.25,60.0
41593.0,-17.24,-17.24,-17.24,24.5,25.0,-208.25,60.0
41618.0,-17.24,-17.24,-17.24,24.5,25.0,-208.25,60.0
41643.0,-17.24,-17.24,-17.24,24.5,25.0,-208.25,60.0
41668.0,-17.24,-17.24,-17.24,24.5,25.0,-208.25,60.0
41693.0,-17.24,-17.24,-17.24,24.5,25.0,-208.25,70.0
41718.0,-17.24,-17.24,-17.24,24.5,25.0,-208.25,70.0
41743.0,-17.24,-17.24,-17.24,24.5,25.0,-208.25,70.0
41768.0,-17.24,-17.24,-17.24,24.5,25.0,-208.25,70.0
41793.0,-17.24,-17.24,-17.24,24.5,25.0,-208.25,70.0
41818.0,-17.24,-17.24,-17.24,24.5,25.0,-208.25,70.0
41843.0,-17.24,-17.24,-17.24,24.25,25.0,-208.25,70.0
41868.0,-17.24,-17.24,-17.24,24.25,25.0,-208.25,70.0
41893.0,-17.24,-17.24,-17.24,24.25,25.0,-208.25,70.0
41918.0,-17.24,-17.24,-17.24,24.25,25.0,-208.25,70.0
41943.0,-17.24,-17.24,-17.24,24.25,25.0,-208.25,70.0
41968.0,-17.24,-17.24,-17.24,24.25,25.0,-208.25,70.0
41993.0,-17.24,-17.24,-17.24,24.25,25.0,-208.25,70.0
42018.0,-17.24,-17.24,-17.24,24.25,25.0,-208.25,70.0
42043.0,-17.24,-17.24,-17.24,24.25,25.0,-208.25,70.0
42068.0,-17.24,-17.24,-17.24,24.25,25.0,-208.25,70.0
42093.0,-17.24,-17.24,-17.24,24.75,24.75,-208.25,70.0
42118.0,-17.24,-17.24,-17.24,24.75,24.75,-208.25,70.0
42143.0,-17.24,-17.24,-17.24,24.75,24.75,-208.25,70.0
42168.0,-17.24,-17.24,-17.24,24.75,24.75,-208.25,70.0
42193.0,-17.24,-17.24,-17.24,24.75,24.75,-208.25,70.0
42218.0,-17.24,-17.24,-17.24,24.75,24.75,-208.25,70.0
42243.0,-17.24,-17.24,-17.24,24.75,24.75,-208.25,70.0
42268.0,-17.24,-17.24,-17.24,24.75,24.75,-208.25,70.0
42293.0,-17.24,-17.24,-17.24,24.75,24.75,-208.25,70.0
42318.0,-17.24,-17.24,-17.24,24.75,24.75,-208.25,70.0
42343.0,-17.24,-17.24,-17.24,24.5,25.0,-208.25,70.0
42368.0,-17.24,-17.24,-17.24,24.5,25.0,-208.25,70.0
42393.0,-17.24,-17.24,-17.24,24.5,25.0,-208.25,70.0
42418.0,-17.24,-17.24,-17.24,24.5,25.0,-208.25,80.0
42443.0,-17.24,-17.24,-17.24,24.5,25.0,-208.25,80.0
42468.0,-17.24,-17.24,-17.24,24.5,25.0,-208.25,80.0
42493.0,-17.24,-17.24,-17.24,24.5,25.0,-208.25,80.0
42518.0,-17.24,-17.24,-17.24,24.5,25.0,-208.25,80.0
42543.0,-17.24,-17.24,-17.24,24.5,25.0,-208.25,80.0
42568.0,-17.24,-17.24,-17.24,24.5,25.0,-208.25,80.0
42593.0,-17.24,-17.24,-17.24,24.5,24.75,-208.25,80.0
42618.0,-17.24,-17.24,-17.24,24.5,24.75,-208.25,80.0
42643.0,-17.24,-17.24,-17.24,24.5,24.75,-208.25,80.0
42668.0,-17.24,-17.24,-17.24,24.5,24.75,-208.25,80.0
42693.0,-17.24,-17.24,-17.24,24.5,24.75,-208.25,80.0
42718.0,-17.24,-17.24,-17.24,24.5,24.75,-208.25,80.0
42743.0,-17.24,-17.24,-17.24,24.5,24.75,-208.25,80.0
42768.0,-17.24,-17.24,-17.24,24.5,24.75,-208.25,80.0
42793.0,-17.24,-17.24,-17.24,24.5,24.75,-208.25,80.0
42818.0,-17.24,-17.24,-17.24,24.5,24.75,-208.25,80.0
42843.0,-17.24,-17.24,-17.24,24.25,24.75,-208.25,80.0
42868.0,-17.24,-17.24,-17.24,24.25,24.75,-208.25,80.0
42893.0,-17.24,-17.24,-17.24,24.25,24.75,-208.25,80.0
42918.0,-17.24,-17.24,-17.24,24.25,24.75,-208.25,80.0
42943.0,-17.24,-17.24,-17.24,24.25,24.75,-208.25,80.0
42968.0,-17.24,-17.24,-17.24,24.25,24.75,-208.25,80.0
42993.0,-17.24,-17.24,-17.24,24.25,24.75,-208.25,80.0
43018.0,-17.24,-17.24,-17.24,24.25,24.75,-208.25,80.0
43043.0,-17.24,-17.24,-17.24,24.25,24.75,-208.25,80.0
43068.0,-17.24,-17.24,-17.24,24.25,24.75,-208.25,80.0
43093.0,-17.24,-17.24,-17.24,24.75,24.75,-208.25,80.0
43118.0,-17.24,-17.24,-17.24,24.75,24.75,-208.25,80.0
43143.0,-17.24,-17.24,-17.24,24.75,24.75,-208.25,80.0
43168.0,-17.24,-17.24,-17.24,24.75,24.75,-208.25,80.0
43193.0,-17.24,-17.24,-17.24,24.75,24.75,-208.25,80.0
43218.0,-17.24,-17.24,-17.24,24.75,24.75,-208.25,80.0
43243.0,-17.24,-17.24,-17.24,24.75,24.75,-208.25,80.0
43268.0,-17.24,-17.24,-17.24,24.75,24.75,-208.25,80.0
43293.0,-17.24,-17.24,-17.24,24.75,24.75,-208.25,80.0
43318.0,-17.24,-17.24,-17.24,24.75,24.75,-208.25,80.0
43343.0,-17.24,-17.24,-17.24,24.5,25.0,-208.25,80.0
43368.0,-17.24,-17.24,-17.24,24.5,25.0,-208.25,80.0
43393.0,-17.24,-17.24,-17.24,24.5,25.0,-208.25,80.0
43418.0,-17.24,-17.24,-17.24,24.5,25.0,-208.25,80.0
43443.0,-17.24,-17.24,-17.24,24.5,25.0,-208.25,80.0
43468.0,-17.24,-17.24,-17.24,24.5,25.0,-208.25,80.0
43493.0,-17.24,-17.24,-17.24,24.5,25.0,-208.25,80.0
43518.0,-17.24,-17.24,-17.24,24.5,25.0,-208.25,80.0
43543.0,-17.24,-17.24,-17.24,24.5,25.0,-208.25,80.0
43568.0,-17.24,-17.24,-17.24,24.5,25.0,-208.25,80.0
43593.0,-17.24,-17.24,-17.24,24.75,24.5,-208.25,80.0
43618.0,-17.24,-17.24,-17.24,24.75,24.5,-208.25,80.0
43643.0,-17.24,-17.24,-17.24,24.75,24.5,-208.25,80.0
43668.0,-17.24,-17.24,-17.24,24.75,24.5,-208.25,80.0
43693.0,-17.24,-17.24,-17.24,24.75,24.5,-208.25,80.0
43718.0,-17.24,-17.24,-17.24,24.75,24.5,-208.25,80.0
43743.0,-17.24,-17.24,-17.24,24.75,24.5,-208.25,80.0
43768.0,-17.24,-17.24,-17.24,24.75,24.5,-208.25,80.0
43793.0,-17.24,-17.24,-17.24,24.75,24.5,-208.25,80.0
43818.0,-17.24,-17.24,-17.24,24.75,24.5,-208.25,80.0
43843.0,-17.24,-17.24,-17.24,24.25,25.0,-208.25,80.0
43868.0,-17.24,-17.24,-17.24,24.25,25.0,-208.25,80.0
43893.0,-17.24,-17.24,-17.24,24.25,25.0,-208.25,80.0
43918.0,-17.24,-17.24,-17.24,24.25,25.0,-208.25,80.0
43943.0,-17.24,-17.24,-17.24,24.25,25.0,-208.25,80.0
43968.0,-17.24,-17.24,-17.24,24.25,25.0,-208.25,80.0
43993.0,-17.24,-17.24,-17.24,24.25,25.0,-208.25,80.0
44018.0,-17.24,-17.24,-17.24,24.25,25.0,-208.25,80.0
44043.0,-17.24,-17.24,-17.24,24.25,25.0,-208.25,80.0
44068.0,-17.24,-17.24,-17.24,24.25,25.0,-208.25,80.0
44093.0,-17.24,-17.24,-17.24,24.25,24.75,-208.25,80.0
44118.0,-17.24,-17.24,-17.24,24.25,24.75,-208.25,80.0
44143.0,-17.24,-17.24,-17.24,24.25,24.75,-208.25,80.0
44168.0,-17.24,-17.24,-17.24,24.25,24.75,-208.25,80.0
44193.0,-17.24,-17.24,-17.24,24.25,24.75,-208.25,80.0
44218.0,-17.24,-17.24,-17.24,24.25,24.75,-208.25,80.0
44243.0,-17.24,-17.24,-17.24,24.25,24.75,-208.25,80.0
44268.0,-17.24,-17.24,-17.24,24.25,24.75,-208.25,80.0
44293.0,-17.24,-17.24,-17.24,24.25,24.75,-208.25,80.0
44318.0,-17.24,-17.24,-17.24,24.25,24.75,-208.25,80.0
44343.0,-17.24,-17.24,-17.24,24.5,25.0,-208.25,80.0
44368.0,-17.24,-17.24,-17.24,24.5,25.0,-208.25,80.0
44393.0,-17.24,-17.24,-17.24,24.5,25.0,-208.25,0.0
44418.0,-17.24,-17.24,-17.24,24.5,25.0,-208.25,0.0
44443.0,-17.24,-17.24,-17.24,24.5,25.0,-208.25,0.0
44468.0,-17.24,-17.24,-17.24,24.5,25.0,-208.25,0.0
44493.0,-17.24,-17.24,-17.24,24.5,25.0,-208.25,0.0
44518.0,-17.24,-17.24,-17.24,24.5,25.0,-208.25,0.0
44543.0,-17.24,-17.24,-17.24,24.5,25.0,-208.25,0.0
44568.0,-17.24,-17.24,-17.24,24.5,25.0,-208.25,0.0
44593.0,-17.24,-17.24,-17.24,24.5,25.0,-208.25,0.0
44618.0,-17.24,-17.24,-17.24,24.5,25.0,-208.25,0.0
44643.0,-17.24,-17.24,-17.24,24.5,25.0,-208.25,0.0
44668.0,-17.24,-17.24,-17.24,24.5,25.0,-208.25,0.0
44693.0,-17.24,-17.24,-17.24,24.5,25.0,-208.25,0.0
44718.0,-17.24,-17.24,-17.24,24.5,25.0,-208.25,0.0
44743.0,-17.24,-17.24,-17.24,24.5,25.0,-208.25,0.0
44768.0,-17.24,-17.24,-17.24,24.5,25.0,-208.25,0.0
44793.0,-17.24,-17.24,-17.24,24.5,25.0,-208.25,0.0
44818.0,-17.24,-17.24,-17.24,24.5,25.0,-208.25,0.0
44843.0,-17.24,-17.24,-17.24,24.75,25.0,-208.25,0.0
44868.0,-17.24,-17.24,-17.24,24.75,25.0,-208.25,0.0
44893.0,-17.24,-17.24,-17.24,24.75,25.0,-208.25,0.0
44918.0,-17.24,-17.24,-17.24,24.75,25.0,-208.25,0.0
44943.0,-17.24,-17.24,-17.24,24.75,25.0,-208.25,0.0
44968.0,-17.24,-17.24,-17.24,24.75,25.0,-208.25,0.0
44993.0,-17.24,-17.24,-17.24,24.75,25.0,-208.25,0.0
45018.0,-17.24,-17.24,-17.24,24.75,25.0,-208.25,0.0
45043.0,-17.24,-17.24,-17.24,24.75,25.0,-208.25,0.0
45068.0,-17.24,-17.24,-17.24,24.75,25.0,-208.25,0.0
45093.0,-17.24,-17.24,-17.24,24.5,25.0,-208.25,0.0
45118.0,-17.24,-17.24,-17.24,24.5,25.0,-208.25,0.0
45143.0,-17.24,-17.24,-17.24,24.5,25.0,-208.25,0.0
45168.0,-17.24,-17.24,-17.24,24.5,25.0,-208.25,0.0
45193.0,-17.24,-17.24,-17.24,24.5,25.0,-208.25,0.0
45218.0,-17.24,-17.24,-17.24,24.5,25.0,-208.25,0.0
45243.0,-17.24,-17.24,-17.24,24.5,25.0,-208.25,0.0
45268.0,-17.24,-17.24,-17.24,24.5,25.0,-208.25,0.0
45293.0,-17.24,-17.24,-17.24,24.5,25.0,-208.25,0.0
45318.0,-17.24,-17.24,-17.24,24.5,25.0,-208.25,0.0
45343.0,-17.24,-17.24,-17.24,24.25,25.0,-208.25,0.0
45368.0,-17.24,-17.24,-17.24,24.25,25.0,-208.25,0.0
45393.0,-17.24,-17.24,-17.24,24.25,25.0,-208.25,0.0
45418.0,-17.24,-17.24,-17.24,24.25,25.0,-208.25,0.0
45443.0,-17.24,-17.24,-17.24,24.25,25.0,-208.25,0.0
45468.0,-17.24,-17.24,-17.24,24.25,25.0,-208.25,0.0
45493.0,-17.24,-17.24,-17.24,24.25,25.0,-208.25,0.0
45518.0,-17.24,-17.24,-17.24,24.25,25.0,-208.25,0.0
45543.0,-17.24,-17.24,-17.24,24.25,25.0,-208.25,0.0
45568.0,-17.24,-17.24,-17.24,24.25,25.0,-208.25,0.0
45593.0,-17.24,-17.24,-17.24,24.5,25.0,-208.25,0.0
45618.0,-17.24,-17.24,-17.24,24.5,25.0,-208.25,0.0
45643.0,-17.24,-17.24,-17.24,24.5,25.0,-208.25,0.0
45668.0,-17.24,-17.24,-17.24,24.5,25.0,-208.25,0.0
45693.0,-17.24,-17.24,-17.24,24.5,25.0,-208.25,0.0
45718.0,-17.24,-17.24,-17.24,24.5,25.0,-208.25,0.0
45743.0,-17.24,-17.24,-17.24,24.5,25.0,-208.25,0.0
45768.0,-17.24,-17.24,-17.24,24.5,25.0,-208.25,0.0
45793.0,-17.24,-17.24,-17.24,24.5,25.0,-208.25,0.0
45818.0,-17.24,-17.24,-17.24,24.5,25.0,-208.25,0.0
45843.0,-17.24,-17.24,-17.24,24.5,24.75,-208.25,0.0
45868.0,-17.24,-17.24,-17.24,24.5,24.75,-208.25,0.0
45893.0,-17.24,-17.24,-17.24,24.5,24.75,-208.25,0.0
45918.0,-17.24,-17.24,-17.24,24.5,24.75,-208.25,0.0
45943.0,-17.24,-17.24,-17.24,24.5,24.75,-208.25,0.0
45968.0,-17.24,-17.24,-17.24,24.5,24.75,-208.25,0.0
45993.0,-17.24,-17.24,-17.24,24.5,24.75,-208.25,0.0
46018.0,-17.24,-17.24,-17.24,24.5,24.75,-208.25,0.0
46043.0,-17.14,-17.24,-17.24,24.5,24.75,-208.25,0.0
46068.0,-17.24,-17.24,-17.24,24.5,24.75,-208.25,0.0
46093.0,-17.24,-17.24,-17.24,24.5,25.0,-208.25,0.0
46118.0,-17.24,-17.24,-17.24,24.5,25.0,-208.25,0.0
46143.0,-17.24,-17.24,-17.24,24.5,25.0,-208.25,0.0
46168.0,-17.24,-17.24,-17.24,24.5,25.0,-208.25,0.0
46193.0,-17.24,-17.24,-17.24,24.5,25.0,-208.25,0.0
46218.0,-17.24,-17.24,-17.24,24.5,25.0,-208.25,0.0
46243.0,-17.24,-17.24,-17.24,24.5,25.0,-208.25,0.0
46268.0,-17.24,-17.24,-17.24,24.5,25.0,-208.25,0.0
46293.0,-17.24,-17.24,-17.24,24.5,25.0,-208.25,0.0
46318.0,-17.24,-17.24,-17.24,24.5,25.0,-208.25,0.0
46343.0,-17.24,-17.24,-17.24,24.5,25.0,-208.25,0.0
46368.0,-17.24,-17.24,-17.24,24.5,25.0,-208.25,0.0
46393.0,-17.24,-17.24,-17.24,24.5,25.0,-208.25,0.0
46418.0,-17.24,-17.24,-17.24,24.5,25.0,-208.25,0.0
46443.0,-17.24,-17.24,-17.24,24.5,25.0,-208.25,0.0
46468.0,-17.24,-17.24,-17.24,24.5,25.0,-208.25,0.0
46493.0,-17.24,-17.24,-17.24,24.5,25.0,-208.25,0.0
46518.0,-17.24,-17.24,-17.24,24.5,25.0,-208.25,0.0
46543.0,-17.24,-17.24,-17.24,24.5,25.0,-208.25,0.0
46568.0,-17.24,-17.24,-17.24,24.5,25.0,-208.25,0.0
46593.0,-17.24,-17.24,-17.24,24.75,25.0,-208.25,0.0
46618.0,-17.24,-17.24,-17.24,24.75,25.0,-208.25,0.0
46643.0,-17.24,-17.24,-17.24,24.75,25.0,-208.25,0.0
46668.0,-17.24,-17.24,-17.24,24.75,25.0,-208.25,0.0
46693.0,-17.24,-17.24,-17.24,24.75,25.0,-208.25,0.0
46718.0,-17.24,-17.24,-17.24,24.75,25.0,-208.25,0.0
46743.0,-17.24,-17.24,-17.24,24.75,25.0,-208.25,0.0
46768.0,-17.24,-17.24,-17.24,24.75,25.0,-208.25,0.0
46793.0,-17.24,-17.24,-17.24,24.75,25.0,-208.25,0.0
46818.0,-17.24,-17.24,-17.24,24.75,25.0,-208.25,0.0
46843.0,-17.24,-17.24,-17.24,24.5,25.0,-208.25,0.0
46868.0,-17.24,-17.24,-17.24,24.5,25.0,-208.25,0.0
46893.0,-17.24,-17.24,-17.24,24.5,25.0,-208.25,0.0
46918.0,-17.24,-17.24,-17.24,24.5,25.0,-208.25,0.0
46943.0,-17.24,-17.24,-17.24,24.5,25.0,-208.25,0.0
46968.0,-17.24,-17.24,-17.24,24.5,25.0,-208.25,0.0
46993.0,-17.24,-17.24,-17.24,24.5,25.0,-208.25,0.0
47018.0,-17.24,-17.24,-17.24,24.5,25.0,-208.25,0.0
47043.0,-17.24,-17.24,-17.24,24.5,25.0,-208.25,0.0
47068.0,-17.24,-17.24,-17.24,24.5,25.0,-208.25,0.0
47093.0,-17.24,-17.24,-17.24,24.75,25.0,-208.25,0.0
47118.0,-17.24,-17.24,-17.24,24.75,25.0,-208.25,0.0
47143.0,-17.24,-17.24,-17.24,24.75,25.0,-208.25,0.0
47168.0,-17.24,-17.24,-17.24,24.75,25.0,-208.25,0.0
47193.0,-17.24,-17.24,-17.24,24.75,25.0,-208.25,0.0
47218.0,-17.24,-17.24,-17.24,24.75,25.0,-208.25,0.0
47243.0,-17.24,-17.24,-17.24,24.75,25.0,-208.25,0.0
47268.0,-17.24,-17.24,-17.24,24.75,25.0,-208.25,0.0
47293.0,-17.24,-17.24,-17.24,24.75,25.0,-208.25,0.0
47318.0,-17.24,-17.24,-17.24,24.75,25.0,-208.25,0.0
47343.0,-17.24,-17.24,-17.24,24.5,25.0,-208.25,0.0
47368.0,-17.24,-17.24,-17.24,24.5,25.0,-208.25,0.0
47393.0,-17.24,-17.24,-17.24,24.5,25.0,-208.25,0.0
47418.0,-17.24,-17.24,-17.24,24.5,25.0,-208.25,0.0
47443.0,-17.24,-17.24,-17.24,24.5,25.0,-208.25,0.0
47468.0,-17.24,-17.24,-17.24,24.5,25.0,-208.25,0.0
47493.0,-17.24,-17.24,-17.24,24.5,25.0,-208.25,0.0
47518.0,-17.24,-17.24,-17.24,24.5,25.0,-208.25,0.0
47543.0,-17.24,-17.24,-17.24,24.5,25.0,-208.25,0.0
47568.0,-17.24,-17.24,-17.24,24.5,25.0,-208.25,0.0
47593.0,-17.24,-17.24,-17.24,24.75,25.0,-208.25,0.0
47618.0,-17.24,-17.24,-17.24,24.75,25.0,-208.25,0.0
47643.0,-17.24,-17.24,-17.24,24.75,25.0,-208.25,0.0
47668.0,-17.24,-17.24,-17.24,24.75,25.0,-208.25,0.0
47693.0,-17.24,-17.24,-17.24,24.75,25.0,-208.25,0.0
47718.0,-17.24,-17.24,-17.24,24.75,25.0,-208.25,0.0
47743.0,-17.24,-17.24,-17.24,24.75,25.0,-208.25,0.0
47768.0,-17.24,-17.24,-17.24,24.75,25.0,-208.25,0.0
47793.0,-17.24,-17.24,-17.24,24.75,25.0,-208.25,0.0
47818.0,-17.24,-17.24,-17.24,24.75,25.0,-208.25,0.0
47843.0,-17.24,-17.24,-17.24,24.5,25.0,-208.25,0.0
47868.0,-17.24,-17.24,-17.24,24.5,25.0,-208.25,0.0
47893.0,-17.24,-17.24,-17.24,24.5,25.0,-208.25,0.0
47918.0,-17.24,-17.24,-17.24,24.5,25.0,-208.25,0.0
47943.0,-17.24,-17.24,-17.24,24.5,25.0,-208.25,0.0
47968.0,-17.24,-17.24,-17.24,24.5,25.0,-208.25,0.0
47993.0,-17.24,-17.24,-17.24,24.5,25.0,-208.25,0.0
48018.0,-17.24,-17.24,-17.24,24.5,25.0,-208.25,0.0
48043.0,-17.24,-17.24,-17.24,24.5,25.0,-208.25,0.0
48068.0,-17.24,-17.24,-17.24,24.5,25.0,-208.25,0.0
48093.0,-17.24,-17.24,-17.24,24.5,24.75,-208.25,0.0
48118.0,-17.24,-17.24,-17.24,24.5,24.75,-208.25,0.0
48143.0,-17.24,-17.24,-17.24,24.5,24.75,-208.25,0.0
48168.0,-17.24,-17.24,-17.24,24.5,24.75,-208.25,0.0
48193.0,-17.24,-17.24,-17.24,24.5,24.75,-208.25,0.0
48218.0,-17.24,-17.24,-17.24,24.5,24.75,-208.25,0.0
48243.0,-17.24,-17.24,-17.24,24.5,24.75,-208.25,0.0
48268.0,-17.24,-17.24,-17.24,24.5,24.75,-208.25,0.0
48293.0,-17.24,-17.24,-17.24,24.5,24.75,-208.25,0.0
48318.0,-17.24,-17.24,-17.24,24.5,24.75,-208.25,0.0
48343.0,-17.24,-17.24,-17.24,24.75,24.75,-208.25,0.0
48368.0,-17.24,-17.24,-17.24,24.75,24.75,-208.25,0.0
48393.0,-17.24,-17.24,-17.24,24.75,24.75,-208.25,0.0
48418.0,-17.24,-17.24,-17.24,24.75,24.75,-208.25,0.0
48443.0,-17.24,-17.24,-17.24,24.75,24.75,-208.25,0.0
48468.0,-17.24,-17.24,-17.24,24.75,24.75,-208.25,0.0
48493.0,-17.24,-17.24,-17.24,24.75,24.75,-208.25,0.0
48518.0,-17.24,-17.24,-17.24,24.75,24.75,-208.25,0.0
48543.0,-17.24,-17.24,-17.24,24.75,24.75,-208.25,0.0
48568.0,-17.24,-17.24,-17.24,24.75,24.75,-208.25,0.0
